time,T
1.0,304.886592382449
2.0,304.886232915214
3.0,304.8858524126222
4.0,304.88508915575386
5.0,304.88565438065854
6.0,304.88602553706244
7.0,304.8854533514497
8.0,
9.0,304.88706390743397
10.0,304.8869759852921
11.0,304.8859447154693
12.0,304.886218199077
13.0,304.8879973998059
14.0,304.88838709680823
15.0,304.8879199328826
16.0,304.8877334713756
17.0,304.88706500636005
18.0,304.8874483436337
19.0,304.8880052471574
20.0,304.88894014968037
21.0,304.889497091672
22.0,304.88969160993946
23.0,304.8893194755158
24.0,304.88932890288334
25.0,304.8897991200763
26.0,304.8904419523491
27.0,304.88978476139835
28.0,304.88893407658
29.0,304.88949505474596
30.0,304.8900611252437
31.0,304.8910101938928
32.0,304.8916774896144
33.0,304.89139206651566
34.0,304.89140216040624
35.0,304.8903519400701
36.0,304.891118940863
37.0,304.89291274067267
38.0,304.8934700943346
39.0,304.89270299609143
40.0,304.8920455367223
41.0,304.892708924079
42.0,304.89422580711766
43.0,304.8945989402337
44.0,304.8940287587289
45.0,304.8937436365044
46.0,304.89393810046005
47.0,304.8945944940889
48.0,304.89504942699693
49.0,304.8952268126034
50.0,304.89495838690436
51.0,304.8943998900221
52.0,304.8950581077894
53.0,304.89562070140585
54.0,304.8956298809795
55.0,304.8953498849506
56.0,304.8958224297669
57.0,304.8962861956773
58.0,304.8973166518155
59.0,304.8984510980559
60.0,304.8995836491865
61.0,304.9007959919179
62.0,304.8998505510878
63.0,304.8996647950376
64.0,304.8992925254677
65.0,304.89939369257405
66.0,304.89968548545204
67.0,304.8992070297904
68.0,304.89930564547285
69.0,304.89882468901607
70.0,304.8993046103164
71.0,304.9009935767532
72.0,304.9023015346107
73.0,304.90239426901934
74.0,304.90202579210955
75.0,304.90231232302034
76.0,304.9027836365762
77.0,304.90288917835403
78.0,304.9030765415913
79.0,304.9027758030319
80.0,304.9031364067188
81.0,304.9028677673882
82.0,304.9044702018278
83.0,304.90513178762535
84.0,304.90579046762963
85.0,304.90521596879876
86.0,304.90446445008075
87.0,304.90532901519015
88.0,304.90608242307394
89.0,304.9063607201671
90.0,304.90692033949097
91.0,304.9071071006054
92.0,304.90720710938854
93.0,304.9065469301154
94.0,304.9067319487945
95.0,304.9073892615116
96.0,304.9082238005025
97.0,304.90794600048116
98.0,304.9083254311099
99.0,304.90832733232173
100.0,304.9089767623519
101.0,304.90908413432993
102.0,304.9089912273777
103.0,304.90983277281026
104.0,304.91068223274544
105.0,304.9119161232658
106.0,304.91314430576347
107.0,304.9132347084505
108.0,304.9130493880021
109.0,304.913884876891
110.0,304.913877519883
111.0,304.9136915590255
112.0,304.91424244719974
113.0,304.91461410876656
114.0,304.9147147851703
115.0,304.9143272207053
116.0,304.9145133768653
117.0,304.9161205948761
118.0,304.91640954117236
119.0,304.9165111297287
120.0,304.9165078091176
121.0,304.9169812516736
122.0,304.9184902725842
123.0,304.9193367157767
124.0,304.91923440615784
125.0,304.9186693707175
126.0,304.9183970753679
127.0,304.9180190662295
128.0,304.91961913084555
129.0,304.9192308130163
130.0,304.91921926008246
131.0,304.91968942744853
132.0,304.92026497928924
133.0,304.9215919964638
134.0,304.92271239529344
135.0,304.9238330139774
136.0,304.9225226147814
137.0,304.92139694636404
138.0,304.9218713645554
139.0,304.9241154183079
140.0,304.92485925839753
141.0,304.92533450590844
142.0,304.92486797022235
143.0,304.9259090058626
144.0,304.9276992248098
145.0,304.92741177015586
146.0,304.9275047328386
147.0,304.9278736567338
148.0,304.92834742974736
149.0,304.92890951905775
150.0,304.9289979463353
151.0,304.92881271347085
152.0,304.9298603696463
153.0,304.92930299397153
154.0,304.93014626754615
155.0,304.9318449466979
156.0,304.93354152885473
157.0,304.93428577029607
158.0,304.9350362035253
159.0,304.93437854132134
160.0,304.93495380238915
161.0,304.93446938900973
162.0,304.93521885128985
163.0,304.9355966269882
164.0,304.93597731166864
165.0,304.9373024530401
166.0,304.93881212716605
167.0,304.9396563722015
168.0,304.94032148840813
169.0,304.94087959286503
170.0,304.9403122914869
171.0,304.9408746198424
172.0,304.94030958609824
173.0,304.94135028440354
174.0,304.9425668909482
175.0,304.94294703162336
176.0,304.94408127374976
177.0,304.9437983893941
178.0,304.9449366734296
179.0,304.94558599271755
180.0,304.946903815464
181.0,304.9479386229907
182.0,304.94850261567206
183.0,304.94812242806336
184.0,304.94839049555463
185.0,304.9480991387638
186.0,304.9484799529302
187.0,304.9494243885388
188.0,304.95084414135107
189.0,304.9525375862318
190.0,304.9547754713543
191.0,304.9543120124347
192.0,304.9546881471153
193.0,304.9535643202772
194.0,304.9549840226486
195.0,304.9573345430711
196.0,304.95843635950587
197.0,304.9591080511893
198.0,304.95986890009016
199.0,304.9612864330615
200.0,304.96233057855363
201.0,304.96269780088545
202.0,304.9619374308895
203.0,304.9621236181256
204.0,304.9620221293607
205.0,304.96334502615
206.0,304.9648522063911
207.0,304.9648614328984
208.0,304.96552151520945
209.0,304.9669267518622
210.0,304.968902570231
211.0,304.9692739584866
212.0,304.96974485417013
213.0,304.96965515112686
214.0,304.97069534069374
215.0,304.9711674093682
216.0,304.9727687520269
217.0,304.975001501901
218.0,304.97443667300433
219.0,304.9754744071031
220.0,304.97612626447176
221.0,304.9768803613572
222.0,304.97791927724387
223.0,304.9777342820316
224.0,304.9789610953028
225.0,304.9809236430273
226.0,304.98224118224977
227.0,304.9825161558621
228.0,304.983270990242
229.0,304.9838377183324
230.0,304.9852342622995
231.0,304.98589975456036
232.0,304.9876930853752
233.0,304.9891938125005
234.0,304.9886291032845
235.0,304.98863119034223
236.0,304.9904322525878
237.0,304.9909057915475
238.0,304.992973424341
239.0,304.9936145273943
240.0,304.9956811770256
241.0,304.99756181416484
242.0,304.99766479503785
243.0,304.9991815363294
244.0,304.9996393375103
245.0,304.9999183156629
246.0,305.00143405164033
247.0,305.0016274766806
248.0,305.0016283817308
249.0,305.00433424827787
250.0,305.00564394080385
251.0,305.0069665618599
252.0,305.00725204997354
253.0,305.00791072997777
254.0,305.0097004980789
255.0,305.0095078027135
256.0,305.0098893352575
257.0,305.01177079535427
258.0,305.01271015091453
259.0,305.01450107105103
260.0,305.015149992674
261.0,305.01534494741827
262.0,305.0170409696504
263.0,305.0196700322405
264.0,305.02201978857437
265.0,305.02417509177906
266.0,305.02444553479233
267.0,305.02615074028404
268.0,305.02653810198717
269.0,305.02577770852446
270.0,305.0273772025735
271.0,305.0294415745868
272.0,305.0312351038726
273.0,305.03406226884925
274.0,305.0341471013518
275.0,305.0348129615647
276.0,305.03753644539125
277.0,305.03847415327607
278.0,305.0416737384735
279.0,305.0424258564064
280.0,305.0431884465846
281.0,305.0446881702459
282.0,305.04571133186107
283.0,305.0466453384313
284.0,305.04805278591414
285.0,305.0475705904559
286.0,305.05058692724344
287.0,305.0524738134923
288.0,305.0528548305294
289.0,305.0542671580975
290.0,305.0541734984917
291.0,305.0549260390708
292.0,305.0581187586773
293.0,305.0601891200988
294.0,305.0625392087131
295.0,305.0629105340447
296.0,305.06338389594725
297.0,305.06574225990107
298.0,305.06742710411913
299.0,305.06826544840374
300.0,305.0708120816948
301.0,305.0716483242815
302.0,305.0740128702399
303.0,305.07541953791304
304.0,305.07598551454356
305.0,305.07786763233224
306.0,305.07927285250935
307.0,305.08031176623416
308.0,305.0839820574932
309.0,305.08585715231726
310.0,305.0884915891974
311.0,305.0898091394073
312.0,305.0900790765497
313.0,305.09234816025605
314.0,305.09451283336125
315.0,305.0956454131801
316.0,305.0982622507775
317.0,305.09825456924125
318.0,305.0993827993942
319.0,305.10229760588703
320.0,305.10362439551045
321.0,305.10721186338645
322.0,305.1089832350174
323.0,305.1104852378765
324.0,305.1124516362937
325.0,305.1131047150711
326.0,305.11405655689185
327.0,305.11734310935566
328.0,305.1186522026666
329.0,305.12139266149956
330.0,305.1212098939693
331.0,305.12252764064624
332.0,305.1255223970546
333.0,305.1275963299711
334.0,305.12909730493107
335.0,305.1321007804629
336.0,305.1331324461071
337.0,305.1353885943501
338.0,305.13726893419
339.0,305.13828996573073
340.0,305.14245176128287
341.0,305.14318752401493
342.0,305.1442283706892
343.0,305.147883676282
344.0,305.1496758564903
345.0,305.1516556773866
346.0,305.15352366138836
347.0,305.15447035075005
348.0,305.1578762801519
349.0,305.1589038585657
350.0,305.1600371750075
351.0,305.1635941563994
352.0,305.1656469378153
353.0,305.16923052688554
354.0,305.1718651811895
355.0,305.1725239626291
356.0,305.17478372976
357.0,305.1764604423036
358.0,305.17731937788005
359.0,305.1804998640022
360.0,305.1824967402464
361.0,305.184468918697
362.0,305.1865298069345
363.0,305.18776376785524
364.0,305.1919869253489
365.0,305.1946987712666
366.0,305.19657756006256
367.0,305.1993157837794
368.0,305.2001609826621
369.0,305.2018590707781
370.0,305.20524763639656
371.0,305.206547053062
372.0,305.21060469191315
373.0,305.2145460458232
374.0,305.21642293464146
375.0,305.22019853254994
376.0,305.22141613681583
377.0,305.2235876016713
378.0,305.2289197749865
379.0,305.23090685579393
380.0,305.23185652723566
381.0,305.2318491262631
382.0,305.23371683550755
383.0,305.2391813281803
384.0,305.2417191291504
385.0,305.24425987389867
386.0,305.24859421769395
387.0,305.2507576835319
388.0,305.25396086715466
389.0,305.2577901313847
390.0,305.25864376613316
391.0,305.26146915152276
392.0,305.26259270270816
393.0,305.2639042135928
394.0,305.26746196965115
395.0,305.2685045109354
396.0,305.27189726629643
397.0,305.2752819221267
398.0,305.27677585202804
399.0,305.28016516729684
400.0,305.28344927350696
401.0,305.2854325080422
402.0,305.2894682999792
403.0,305.2900272146956
404.0,305.2923865739084
405.0,305.2967108339535
406.0,305.2987895593865
407.0,305.3040591381028
408.0,305.3066782055862
409.0,305.30800567081064
410.0,305.31137670907236
411.0,305.31333914654437
412.0,305.3162607739228
413.0,305.3201067048051
414.0,305.3221753927377
415.0,305.32755006699347
416.0,305.3303744307548
417.0,305.3322564206987
418.0,305.3345955686585
419.0,305.33600661997747
420.0,305.3378863138236
421.0,305.34268305343744
422.0,305.3442808960462
423.0,305.34945848257485
424.0,305.3532203311241
425.0,305.3548088903803
426.0,305.3589490740441
427.0,305.36234123912755
428.0,305.36534157512443
429.0,305.36861826162595
430.0,305.36946388863396
431.0,305.37200467901096
432.0,305.3768853717218
433.0,305.37885226554255
434.0,305.3835709744305
435.0,305.3849963118114
436.0,305.38705431978104
437.0,305.3924055973083
438.0,305.396444688239
439.0,305.4002157260095
440.0,305.4026487802836
441.0,305.40377157221633
442.0,305.4090404236066
443.0,305.41242683872764
444.0,305.41506531563834
445.0,305.418941580907
446.0,305.4203542993198
447.0,305.4227136072832
448.0,305.4276713071992
449.0,305.42964814882674
450.0,305.4345371758885
451.0,305.4382861770657
452.0,305.4415788625811
453.0,305.44553481926545
454.0,305.4475973031403
455.0,305.45004546184884
456.0,305.4551233775409
457.0,305.4569983173588
458.0,305.4629396179976
459.0,305.4674217734833
460.0,305.4699664462576
461.0,305.4736396873101
462.0,305.4757958269902
463.0,305.47815438736967
464.0,305.48285456022836
465.0,305.48605602137815
466.0,305.4910355451111
467.0,305.49469489112346
468.0,305.49630648584457
469.0,305.5015754525054
470.0,305.5043839671237
471.0,305.5072162009804
472.0,305.5114430599003
473.0,305.51361579960604
474.0,305.5183286146137
475.0,305.52347591092524
476.0,305.5262038012996
477.0,305.5304342900129
478.0,305.5337996358737
479.0,305.536727871404
480.0,305.5412413262271
481.0,305.54435143188977
482.0,305.5485926241871
483.0,305.5541184495584
484.0,305.55468461286154
485.0,305.56089513688346
486.0,305.5644669147215
487.0,305.56728487104715
488.0,305.57140796312194
489.0,305.5739529107466
490.0,305.5782202509705
491.0,305.58290242481115
492.0,305.5847853656239
493.0,305.58884590623956
494.0,305.59229975066756
495.0,305.5953079908815
496.0,305.6013373226424
497.0,305.6049131189243
498.0,305.60791526296856
499.0,305.61249044715254
500.0,305.61418879595755
501.0,305.61901205160484
502.0,305.6241617897206
503.0,305.6277421643888
504.0,305.6332781273318
505.0,305.6365684908672
506.0,305.6391211116237
507.0,305.6443024625495
508.0,305.6474016631759
509.0,305.6534317600592
510.0,305.6572623206902
511.0,305.65905717994497
512.0,305.6628006906377
513.0,305.6670380686956
514.0,305.6696682218025
515.0,305.6754987479912
516.0,305.6788879428131
517.0,305.6841703317211
518.0,305.6880965604438
519.0,305.69026970732943
520.0,305.69591396222097
521.0,305.7001427819329
522.0,305.70399638466523
523.0,305.7092650340927
524.0,305.710769888165
525.0,305.71445201014274
526.0,305.7202655038859
527.0,305.7230041353619
528.0,305.72874805204987
529.0,305.73267974596484
530.0,305.73606521282244
531.0,305.74095720915466
532.0,305.7438652399072
533.0,305.7472535774955
534.0,305.7535375290966
535.0,305.7563582481945
536.0,305.76258370084673
537.0,305.7658654576488
538.0,305.77009822437395
539.0,305.7766841736432
540.0,305.78054831644187
541.0,305.7833828183475
542.0,305.7886270735709
543.0,305.7906030505616
544.0,305.7957738806525
545.0,305.80102312516397
546.0,305.8049971461375
547.0,305.8092407374645
548.0,305.8115814442315
549.0,305.8146900603667
550.0,305.8212487390967
551.0,305.8248212391316
552.0,305.82999888377225
553.0,305.8332813242603
554.0,305.83648163622195
555.0,305.84307027807455
556.0,305.8473075745481
557.0,305.8503256563855
558.0,305.85558957517253
559.0,305.8590605101128
560.0,305.86310493765654
561.0,305.86714178037755
562.0,305.870812605155
563.0,305.877592773593
564.0,305.8820911753057
565.0,305.88539029631556
566.0,305.8919638337909
567.0,305.8945003608906
568.0,305.89865004959125
569.0,305.903341786917
570.0,305.90588347419776
571.0,305.9114422106969
572.0,305.9165270359852
573.0,305.91982045471514
574.0,305.92507062834625
575.0,305.9293045797617
576.0,305.93495358575666
577.0,305.94031153551475
578.0,305.942843807269
579.0,305.9479290213055
580.0,305.95244153847517
581.0,305.9558406189879
582.0,305.9615623381044
583.0,305.96532429816324
584.0,305.9690059779041
585.0,305.9741528150237
586.0,305.9776317428675
587.0,305.98413879204236
588.0,305.98883129197446
589.0,305.9915602027963
590.0,305.99738492027257
591.0,306.0023717716707
592.0,306.00680320468996
593.0,306.0114149225182
594.0,306.01366914966843
595.0,306.0180143537483
596.0,306.0236488601372
597.0,306.02702262088553
598.0,306.0319916175625
599.0,306.03670158192557
600.0,306.0413186139962
601.0,306.0476984876904
602.0,306.0502322610979
603.0,306.05409261578626
604.0,306.0588880995215
605.0,306.0620931335086
606.0,306.0672632891343
607.0,306.07178694252116
608.0,306.07584398818534
609.0,306.0822264709323
610.0,306.08503119180824
611.0,306.08984656488377
612.0,306.09454754903084
613.0,306.0971768289442
614.0,306.10387284815766
615.0,306.10855758520273
616.0,306.1120446171499
617.0,306.11775185363655
618.0,306.12131946683166
619.0,306.1262319917393
620.0,306.13169414358157
621.0,306.13527477644385
622.0,306.14195522740647
623.0,306.14609423301624
624.0,306.1491894938009
625.0,306.1536015135993
626.0,306.1574472029564
627.0,306.161983232106
628.0,306.16789928965653
629.0,306.1710066396465
630.0,306.17826552202365
631.0,306.18258809968404
632.0,306.18626307043496
633.0,306.1913356496038
634.0,306.19499674357957
635.0,306.19782535562695
636.0,306.2034468580659
637.0,306.20664813928886
638.0,306.21343561199865
639.0,306.217847973655
640.0,306.2219010526331
641.0,306.2265012677612
642.0,306.23091216933545
643.0,306.2339485672874
644.0,306.2404135711292
645.0,306.24427421979294
646.0,306.24982918257564
647.0,306.25508082606484
648.0,306.25818938030005
649.0,306.26309396221274
650.0,306.2663925756493
651.0,306.27090856365254
652.0,306.27766551612245
653.0,306.28181394106053
654.0,306.285472321067
655.0,306.2902677739174
656.0,306.29346707499957
657.0,306.3002600758293
658.0,306.3033572103348
659.0,306.30721446700045
660.0,306.31349789868574
661.0,306.3183898465685
662.0,306.32196968764833
663.0,306.32591246911886
664.0,306.32835427592704
665.0,306.33430145709696
666.0,306.33955396634605
667.0,306.3434185260744
668.0,306.34840997435873
669.0,306.352161216268
670.0,306.3563111654155
671.0,306.3614690246159
672.0,306.36428879650373
673.0,306.3712808694442
674.0,306.3769161171651
675.0,306.3810600305741
676.0,306.38471188523596
677.0,306.3873495165351
678.0,306.3908456183471
679.0,306.39834550208604
680.0,306.40181521367566
681.0,306.40691021459384
682.0,306.41086339084137
683.0,306.4154755042422
684.0,306.4222419999221
685.0,306.42599625643186
686.0,306.4279810956789
687.0,306.4312680191218
688.0,306.43361498068066
689.0,306.438987392151
690.0,306.44432869886697
691.0,306.44847099090117
692.0,306.4547910962136
693.0,306.46052288206846
694.0,306.46429643553023
695.0,306.46852382711415
696.0,306.4721986111393
697.0,306.4768169775076
698.0,306.48215511458716
699.0,306.4858256139385
700.0,306.4920338192125
701.0,306.4956121878059
702.0,306.49843036096405
703.0,306.5016266422271
704.0,306.5050129789086
705.0,306.5098327538421
706.0,306.51640190071845
707.0,306.52025334093855
708.0,306.5243973207901
709.0,306.52778891750864
710.0,306.53146539211735
711.0,306.53813750797036
712.0,306.54200083118747
713.0,306.54549406237766
714.0,306.5510169953625
715.0,306.5539387281663
716.0,306.5587458876975
717.0,306.56278819516837
718.0,306.56626110000644
719.0,306.57254588095077
720.0,306.5762162756348
721.0,306.58028550551387
722.0,306.58537149626017
723.0,306.5880054139473
724.0,306.59157421962993
725.0,306.5966432600208
726.0,306.6019124406811
727.0,306.6078559261159
728.0,306.61105188367355
729.0,306.61377173982373
730.0,306.6189325328075
731.0,306.6215756770019
732.0,306.62715039929225
733.0,306.63052723506115
734.0,306.6353202296075
735.0,306.6399247457782
736.0,306.64416012347226
737.0,306.6476511785439
738.0,306.6528135626011
739.0,306.6554399507367
740.0,306.65949330762703
741.0,306.66409300360925
742.0,306.66843133907184
743.0,306.6736207047599
744.0,306.6766138441557
745.0,306.6793445323999
746.0,306.6837596330161
747.0,306.68781507129853
748.0,306.69346025621473
749.0,306.6988951129773
750.0,306.701264584241
751.0,306.7060635780484
752.0,306.7105714754493
753.0,306.7141579482239
754.0,306.71773595141576
755.0,306.7217814212943
756.0,306.72563059053863
757.0,306.73106661385094
758.0,306.73334120092403
759.0,306.7383404988664
760.0,306.74201089947985
761.0,306.74558568961197
762.0,306.7498015158729
763.0,306.75319021720566
764.0,306.75659241579274
765.0,306.7626036927991
766.0,306.76590556627804
767.0,306.77071295918205
768.0,306.7741807381098
769.0,306.7773818783848
770.0,306.78095700339526
771.0,306.78405925732136
772.0,306.7881150668837
773.0,306.79421322786544
774.0,306.7969399503616
775.0,306.80119488752615
776.0,306.80447924931804
777.0,306.80796820993123
778.0,306.8128568675765
779.0,306.8161470277183
780.0,306.8193458518371
781.0,306.82357138827615
782.0,306.8269575978937
783.0,306.83158095529774
784.0,306.8350532006457
785.0,306.83826365364376
786.0,306.84297262230706
787.0,306.84662542282183
788.0,306.84954148913096
789.0,306.8544407964654
790.0,306.85830099307117
791.0,306.86273589689296
792.0,306.866397735292
793.0,306.86921445440083
794.0,306.87420640858915
795.0,306.8794669224487
796.0,306.8823850872065
797.0,306.8850210137138
798.0,306.88756344380977
799.0,306.89171394986283
800.0,306.895850186814
801.0,306.89829165282566
802.0,306.90197144385075
803.0,306.90506835742514
804.0,306.9089310311376
805.0,306.91353649711715
806.0,306.91749088619184
807.0,306.92031004357955
808.0,306.92527762239416
809.0,306.92791168322873
810.0,306.9326443752611
811.0,306.9359338727438
812.0,306.9397899892814
813.0,306.94308682253137
814.0,306.9462903096406
815.0,306.94976684806
816.0,306.95473640031577
817.0,306.9571849688662
818.0,306.9603896350741
819.0,306.9640455553015
820.0,306.9679234219492
821.0,306.9732001902259
822.0,306.97685914786473
823.0,306.9800636015165
824.0,306.9849535068832
825.0,306.9873103742947
826.0,306.99050896734263
827.0,306.99334875175356
828.0,306.99645292118765
829.0,306.9991659918249
830.0,307.00275208696826
831.0,307.0057714465091
832.0,307.0095289121585
833.0,307.01132019354435
834.0,307.01460779718525
835.0,307.01891766638465
836.0,307.02231682568765
837.0,307.0267460028491
838.0,307.0303040694841
839.0,307.0336026578034
840.0,307.0376534236625
841.0,307.04037346994994
842.0,307.04366390862975
843.0,307.0477069459428
844.0,307.0504400867499
845.0,307.0551609670129
846.0,307.05761540745317
847.0,307.06005880750337
848.0,307.06248634418796
849.0,307.0658740532969
850.0,307.0705872319412
851.0,307.07436731652626
852.0,307.0764376026672
853.0,307.0789689410103
854.0,307.0834697810107
855.0,307.08647862320055
856.0,307.08957745931264
857.0,307.09184265728635
858.0,307.09525254956844
859.0,307.1007080744791
860.0,307.1031564764153
861.0,307.1072027864974
862.0,307.1093591553846
863.0,307.1121794834299
864.0,307.1150905729555
865.0,307.11847134938125
866.0,307.1214034556774
867.0,307.12536471709075
868.0,307.12809186625833
869.0,307.13111634664074
870.0,307.13457735206646
871.0,307.1375838085215
872.0,307.1413524692363
873.0,307.14418514765566
874.0,307.1475845154013
875.0,307.15144843235595
876.0,307.15369418867397
877.0,307.1570894469016
878.0,307.15935306472494
879.0,307.16227812808916
880.0,307.1673594024227
881.0,307.16988834923666
882.0,307.1708193459716
883.0,307.1734470174622
884.0,307.17712117969825
885.0,307.1813685398621
886.0,307.1845691558955
887.0,307.18599054469684
888.0,307.1892707117967
889.0,307.1924663179856
890.0,307.1945409367727
891.0,307.196689792379
892.0,307.19915015928234
893.0,307.2023507535943
894.0,307.20564149901514
895.0,307.2076210756273
896.0,307.21093579674016
897.0,307.2143100240211
898.0,307.2183548500057
899.0,307.22287077106074
900.0,307.2256933212425
901.0,307.2279439147527
902.0,307.23112834738373
903.0,307.2324545925749
904.0,307.23575670519085
905.0,307.23847189258066
906.0,307.241476248534
907.0,307.2438418760571
908.0,307.2473321232842
909.0,307.2503543113197
910.0,307.2531834053435
911.0,307.25562269810644
912.0,307.2590213365196
913.0,307.260798011962
914.0,307.26230685698914
915.0,307.26493634147556
916.0,307.2689841618417
917.0,307.27247643583166
918.0,307.2753003614671
919.0,307.2766272836569
920.0,307.2791787872274
921.0,307.28189039116717
922.0,307.283675491224
923.0,307.2863973875106
924.0,307.28996472946733
925.0,307.29335565402215
926.0,307.2965517167358
927.0,307.29863080759276
928.0,307.30070932244047
929.0,307.30155531852864
930.0,307.30325906999826
931.0,307.30710801971964
932.0,307.3108899337418
933.0,307.3146508642459
934.0,307.3179548419769
935.0,307.319737006382
936.0,307.32019291772735
937.0,307.32384704943405
938.0,307.3260213706511
939.0,307.3279144016623
940.0,307.3287666124659
941.0,307.33235097474073
942.0,307.3364795677695
943.0,307.33911743164947
944.0,307.3421297592008
945.0,307.3451432203409
946.0,307.34654377039294
947.0,307.34804603671716
948.0,307.35003453979357
949.0,307.3533304862907
950.0,307.3565088428887
951.0,307.3596192475942
952.0,307.362642790919
953.0,307.36575628435565
954.0,307.3666001909412
955.0,307.3678291615463
956.0,307.3695193398345
957.0,307.3716908505085
958.0,307.37479806039363
959.0,307.378186796843
960.0,307.3807302153807
961.0,307.3836381080821
962.0,307.3845664623957
963.0,307.3882600571258
964.0,307.3911820865626
965.0,307.39333634917836
966.0,307.3951243622546
967.0,307.3973797937641
968.0,307.3999328767576
969.0,307.40284877310086
970.0,307.40378625770796
971.0,307.40557639050235
972.0,307.40735269884476
973.0,307.4103642798924
974.0,307.41385875675655
975.0,307.4162189706801
976.0,307.4172600533703
977.0,307.42037384975316
978.0,307.4223505764895
979.0,307.42280995096365
980.0,307.4247831283677
981.0,307.4274215826333
982.0,307.43061693281356
983.0,307.43202010804
984.0,307.43381935878904
985.0,307.4368281020685
986.0,307.4388986360335
987.0,307.4422886496491
988.0,307.4454136627895
989.0,307.44683042742844
990.0,307.4470905226211
991.0,307.448310493885
992.0,307.45216781329964
993.0,307.45527880976294
994.0,307.45820223007627
995.0,307.4591452277215
996.0,307.46073528966957
997.0,307.4615813619357
998.0,307.4637644974074
999.0,307.46536392019914
1000.0,307.4673427134948
1001.0,307.47053354037746
1002.0,307.4732549861452
1003.0,307.47523521512863
1004.0,307.4750491763405
1005.0,307.47674601027853
1006.0,307.47995750710726
1007.0,307.4829640616847
1008.0,307.4837089277795
1009.0,307.48540856787764
1010.0,307.48682881776176
1011.0,307.48993607511017
1012.0,307.49386674294317
1013.0,307.49556485544156
1014.0,307.4967987210408
1015.0,307.49802550831447
1016.0,307.50113535943655
1017.0,307.50360764393787
1018.0,307.5054845627816
1019.0,307.5069935624609
1020.0,307.5088687928007
1021.0,307.5101866882942
1022.0,307.513012664158
1023.0,307.5158159687416
1024.0,307.51732765406183
1025.0,307.5175096285654
1026.0,307.5186361278858
1027.0,307.5204319864679
1028.0,307.5236159252584
1029.0,307.5264371070611
1030.0,307.52833013372293
1031.0,307.529654368717
1032.0,307.5306022610983
1033.0,307.5322214921927
1034.0,307.53371910169136
1035.0,307.5353177830002
1036.0,307.53775691556785
1037.0,307.5400313943691
1038.0,307.54162495331576
1039.0,307.54256488537027
1040.0,307.5436891373956
1041.0,307.54605117335143
1042.0,307.54736163547415
1043.0,307.5495371437528
1044.0,307.55236294501645
1045.0,307.5544242598575
1046.0,307.55574358630764
1047.0,307.55807996142414
1048.0,307.5600649909246
1049.0,307.56253836851226
1050.0,307.5632823107451
1051.0,307.5642214376244
1052.0,307.56554392986146
1053.0,307.56657472462535
1054.0,307.56836216466155
1055.0,307.5710983538568
1056.0,307.57307403716936
1057.0,307.57467885424643
1058.0,307.57664205151326
1059.0,307.57833402655655
1060.0,307.5789019383325
1061.0,307.5794690625071
1062.0,307.58069827290393
1063.0,307.58406134441134
1064.0,307.58698411119275
1065.0,307.5900230758707
1066.0,307.5901252149261
1067.0,307.5913443980756
1068.0,307.5932250373767
1069.0,307.5934965311972
1070.0,307.5944435336053
1071.0,307.5975418937757
1072.0,307.6005491685315
1073.0,307.60262376931325
1074.0,307.60329399406714
1075.0,307.60443154582623
1076.0,307.606139861043
1077.0,307.6069945312578
1078.0,307.6085807923631
1079.0,307.6110948255731
1080.0,307.6127946726577
1081.0,307.6141193562474
1082.0,307.615530581212
1083.0,307.61656209882864
1084.0,307.6181774201943
1085.0,307.61922693771834
1086.0,307.62100994249494
1087.0,307.62212820707
1088.0,307.6225933219411
1089.0,307.62353927801473
1090.0,307.62476571460263
1091.0,307.626462944362
1092.0,307.62891391605785
1093.0,307.63032658462913
1094.0,307.6316464318078
1095.0,307.6339961665682
1096.0,307.63634480754536
1097.0,307.6374676914085
1098.0,307.6386073078701
1099.0,307.63916378472237
1100.0,307.64020787090635
1101.0,307.64096016138285
1102.0,307.6428515004168
1103.0,307.6453888699003
1104.0,307.646894181494
1105.0,307.6473660234571
1106.0,307.64924192677006
1107.0,307.65084704480256
1108.0,307.6517865299249
1109.0,307.6527265699002
1110.0,307.65442096799643
1111.0,307.6574404242886
1112.0,307.65837975492815
1113.0,307.6589413254544
1114.0,307.6613885759912
1115.0,307.66355973018756
1116.0,307.66497633574176
1117.0,307.6649872849583
1118.0,307.6660167490068
1119.0,307.6660998416579
1120.0,307.6676983612653
1121.0,307.6687521616827
1122.0,307.6708302595072
1123.0,307.6709144877582
1124.0,307.6728898058867
1125.0,307.6736601880958
1126.0,307.6754540823429
1127.0,307.6769448410608
1128.0,307.67919842670574
1129.0,307.68070168913357
1130.0,307.6806173839235
1131.0,307.6806250640058
1132.0,307.6811906674928
1133.0,307.6835371964548
1134.0,307.6850418027029
1135.0,307.6877776755044
1136.0,307.6896472358862
1137.0,307.69020183622746
1138.0,307.69095231475467
1139.0,307.69284573933004
1140.0,307.6950265374874
1141.0,307.69549980446857
1142.0,307.6967239690632
1143.0,307.6967329123949
1144.0,307.6977484150107
1145.0,307.69888669476285
1146.0,307.7011456197933
1147.0,307.70208370361536
1148.0,307.7031219291225
1149.0,307.7048163956887
1150.0,307.7060316803171
1151.0,307.7073490134252
1152.0,307.7083067217377
1153.0,307.70887444997715
1154.0,307.7094335839543
1155.0,307.7104633279111
1156.0,307.7124356742076
1157.0,307.71460057881933
1158.0,307.7152597428665
1159.0,307.71629494886673
1160.0,307.7163038799085
1161.0,307.71790119709857
1162.0,307.7188508608968
1163.0,307.7197046415921
1164.0,307.7208316623058
1165.0,307.72318166382536
1166.0,307.7234704835235
1167.0,307.7251681718302
1168.0,307.72535741766245
1169.0,307.72705667230167
1170.0,307.728368259733
1171.0,307.73006997631677
1172.0,307.7298775843645
1173.0,307.73035328201365
1174.0,307.7310114436412
1175.0,307.73251967454036
1176.0,307.7344839221285
1177.0,307.7352372623327
1178.0,307.7356056306893
1179.0,307.73684174445185
1180.0,307.7376808179611
1181.0,307.73825084677344
1182.0,307.7397717872892
1183.0,307.7423103993124
1184.0,307.7439201841187
1185.0,307.74364195742595
1186.0,307.7442921773489
1187.0,307.7457909979872
1188.0,307.74644986701077
1189.0,307.74681935158765
1190.0,307.7479590376041
1191.0,307.7485314402243
1192.0,307.7490127083208
1193.0,307.750144187787
1194.0,307.75155349878844
1195.0,307.7523931675906
1196.0,307.75351018930024
1197.0,307.7537955018335
1198.0,307.75437030463644
1199.0,307.7557874921408
1200.0,307.75710098476924
1201.0,307.75786135998663
1202.0,307.75956431865734
1203.0,307.7618108290309
1204.0,307.76256922108047
1205.0,307.7605832204464
1206.0,307.76002334822874
1207.0,307.762104038487
1208.0,307.7648251670809
1209.0,307.7668012535981
1210.0,307.7673846594649
1211.0,307.7685131094989
1212.0,307.76906756147133
1213.0,307.7692438087856
1214.0,307.76981075896265
1215.0,307.77086570502314
1216.0,307.7730242971434
1217.0,307.7737775362839
1218.0,307.7751019279096
1219.0,307.7757552080734
1220.0,307.77725774250814
1221.0,307.777912440875
1222.0,307.7789443333796
1223.0,307.7797060353976
1224.0,307.7806554955847
1225.0,307.78113674528686
1226.0,307.7812369943693
1227.0,307.7833887715328
1228.0,307.78452082440054
1229.0,307.7841314687239
1230.0,307.7831917929973
1231.0,307.7842317016497
1232.0,307.78668293829156
1233.0,307.78827270354276
1234.0,307.78902416488927
1235.0,307.78884717546043
1236.0,307.78913395904516
1237.0,307.7897845114239
1238.0,307.79034305087794
1239.0,307.79138429900416
1240.0,307.792696913369
1241.0,307.794014562118
1242.0,307.79516226605386
1243.0,307.79554263362144
1244.0,307.7956443183967
1245.0,307.7956447120965
1246.0,307.7966681292553
1247.0,307.79760503595236
1248.0,307.798449213381
1249.0,307.79947990454775
1250.0,307.80145269595096
1251.0,307.80193117400324
1252.0,307.80184747009156
1253.0,307.8019454018463
1254.0,307.8022267085497
1255.0,307.8028872181314
1256.0,307.8042921590755
1257.0,307.8053243746544
1258.0,307.8063638242382
1259.0,307.80795575725887
1260.0,307.80937613083324
1261.0,307.80956475608514
1262.0,307.80891352766395
1263.0,307.809008333886
1264.0,307.8093789312219
1265.0,307.8100477640654
1266.0,307.8115477784117
1267.0,307.8120165499655
1268.0,307.8117468962482
1269.0,307.81259534444376
1270.0,307.8141865544037
1271.0,307.815512703381
1272.0,307.8164410992603
1273.0,307.8177614630023
1274.0,307.81946798652825
1275.0,307.8215528241059
1276.0,307.82173138459945
1277.0,307.82022507684434
1278.0,307.81965534838554
1279.0,307.81956229090264
1280.0,307.82051378025506
1281.0,307.8216464543506
1282.0,307.8245537838996
1283.0,307.82558529432015
1284.0,307.8253994569489
1285.0,307.8262566998753
1286.0,307.8264614019689
1287.0,307.82655418331115
1288.0,307.8270133918008
1289.0,307.8279525712017
1290.0,307.82841614180967
1291.0,307.82889382023103
1292.0,307.8302131894025
1293.0,307.83105808774724
1294.0,307.83097874334436
1295.0,307.83097874334436
1296.0,307.8322951997918
1297.0,307.8337016709284
1298.0,307.8343693352039
1299.0,307.83512495866336
1300.0,307.83570135815967
1301.0,307.83635871587364
1302.0,307.8366420166601
1303.0,307.83550194945184
1304.0,307.83587469425885
1305.0,307.83634764045087
1306.0,307.8375605301915
1307.0,307.83811211978696
1308.0,307.8391532637196
1309.0,307.8388000277203
1310.0,307.83993057829474
1311.0,307.8407748783549
1312.0,307.8414313779523
1313.0,307.84199074288813
1314.0,307.84312940051495
1315.0,307.8443556753333
1316.0,307.84388223423133
1317.0,307.843510758801
1318.0,307.84445776709754
1319.0,307.8455810435962
1320.0,307.846136890606
1321.0,307.8456684750129
1322.0,307.8455776090241
1323.0,307.8470943860576
1324.0,307.8487673997906
1325.0,307.84981934836804
1326.0,307.85058044866787
1327.0,307.8510442947087
1328.0,307.85151763079773
1329.0,307.852067023913
1330.0,307.85225295895196
1331.0,307.8532967483982
1332.0,307.85404998608465
1333.0,307.8542281805275
1334.0,307.85441631966535
1335.0,307.8544252700319
1336.0,307.8548003512934
1337.0,307.85470792205
1338.0,307.8555702581833
1339.0,307.8545328382105
1340.0,307.8548127640208
1341.0,307.8565039792143
1342.0,307.8603877467761
1343.0,307.8608534637701
1344.0,307.8593375293706
1345.0,307.8581103230693
1346.0,307.85867694871814
1347.0,307.85951148354235
1348.0,307.86007959323376
1349.0,307.8618737503089
1350.0,307.86300997763794
1351.0,307.86301073029153
1352.0,307.86301897817987
1353.0,307.8635815942945
1354.0,307.8642402280731
1355.0,307.86498512430245
1356.0,307.8668542756409
1357.0,307.86770462687383
1358.0,307.868006230695
1359.0,307.8669736446813
1360.0,307.8666852160307
1361.0,307.8655607108633
1362.0,307.8660422616269
1363.0,307.86754589294543
1364.0,307.8704565194786
1365.0,307.87176686300296
1366.0,307.87158489069293
1367.0,307.8719572498504
1368.0,307.87195537333946
1369.0,307.87121524470905
1370.0,307.87065629914247
1371.0,307.87102366955276
1372.0,307.87186319263594
1373.0,307.87233676080183
1374.0,307.874319807658
1375.0,307.87442170134165
1376.0,307.8751768166215
1377.0,307.87488777962267
1378.0,307.8748975270954
1379.0,307.87367109825976
1380.0,307.8741360158864
1381.0,307.8746090810512
1382.0,307.87601826959644
1383.0,307.8767787130524
1384.0,307.87771737892643
1385.0,307.87968777424254
1386.0,307.8805268849475
1387.0,307.8803276243562
1388.0,307.87809233401356
1389.0,307.8781923564838
1390.0,307.8791379912684
1391.0,307.88063842515453
1392.0,307.8794069392519
1393.0,307.87894125551304
1394.0,307.8796076949839
1395.0,307.8820391562769
1396.0,307.88278061577205
1397.0,307.8826881809709
1398.0,307.88260298557776
1399.0,307.8825273798628
1400.0,307.88356257723126
1401.0,307.88422857655814
1402.0,307.8846945101214
1403.0,307.8845056941339
1404.0,307.88507011944876
1405.0,307.8854508510628
1406.0,307.88686003960805
1407.0,307.8871401392342
1408.0,307.8870472616781
1409.0,307.88761938778106
1410.0,307.8878077587297
1411.0,307.88827166778754
1412.0,307.8877979147062
1413.0,307.88903078526954
1414.0,307.8893212680088
1415.0,307.8891306918762
1416.0,307.88912878667696
1417.0,307.88922242408273
1418.0,307.88988101092775
1419.0,307.89194819213463
1420.0,307.8922288018667
1421.0,307.8920519119542
1422.0,307.88999259518886
1423.0,307.891673940027
1424.0,307.8917581175437
1425.0,307.8930741310464
1426.0,307.8930838601221
1427.0,307.8938464503004
1428.0,307.8941264427517
1429.0,307.8941342513519
1430.0,307.89507510872
1431.0,307.8961933732569
1432.0,307.8965656031886
1433.0,307.8969501205737
1434.0,307.8963908277582
1435.0,307.89667627954515
1436.0,307.8961994616162
1437.0,307.8966733543104
1438.0,307.8969518777409
1439.0,307.89882336890753
1440.0,307.8990193017466
1441.0,307.89986424730836
1442.0,307.8986386119867
1443.0,307.8984479664219
1444.0,307.9000580054957
1445.0,307.9014797819241
1446.0,307.90108937408485
1447.0,307.90146258014636
1448.0,307.9021297957376
1449.0,307.9024113722477
1450.0,307.9010895278972
1451.0,307.9012791661549
1452.0,307.90214180978023
1453.0,307.90336026955083
1454.0,307.9042042465367
1455.0,307.9036426696438
1456.0,307.90365097240783
1457.0,307.90450422201286
1458.0,307.9054359549408
1459.0,307.90543630148187
1460.0,307.90514919672455
1461.0,307.90514960499894
1462.0,307.9063794738102
1463.0,307.9067509272529
1464.0,307.906379318549
1465.0,307.9049720065147
1466.0,307.9047658077745
1467.0,307.90506439412206
1468.0,307.90562870917194
1469.0,307.9065699899676
1470.0,307.907137908288
1471.0,307.9067680474252
1472.0,307.9060227908824
1473.0,307.9061026448505
1474.0,307.90806456433546
1475.0,307.9090211260962
1476.0,307.91033662582885
1477.0,307.91080169809004
1478.0,307.91053075099325
1479.0,307.9108148658954
1480.0,307.91043365328966
1481.0,307.91050875009694
1482.0,307.90957331988307
1483.0,307.90976838521556
1484.0,307.9110028876837
1485.0,307.91042816247426
1486.0,307.91024066877713
1487.0,307.9103423797896
1488.0,307.91118768372337
1489.0,307.91259810069175
1490.0,307.91354619739184
1491.0,307.9143996300922
1492.0,307.91355213466437
1493.0,307.9125103192355
1494.0,307.91156647661387
1495.0,307.91251087579644
1496.0,307.9137373160029
1497.0,307.91487289216235
1498.0,307.9144943734285
1499.0,307.91477230051373
1500.0,307.91580798757076
1501.0,307.9167494428901
1502.0,307.91599840370645
1503.0,307.9155317149506
1504.0,307.91543130045966
1505.0,307.9152457794873
1506.0,307.91449451333455
1507.0,307.915059191697
1508.0,307.91504586584927
1509.0,307.9160866461869
1510.0,307.9168378887641
1511.0,307.9174131457661
1512.0,307.91759880843193
1513.0,307.91731735712443
1514.0,307.91723195118453
1515.0,307.91675770456266
1516.0,307.91768833099104
1517.0,307.91881807672496
1518.0,307.9195791450245
1519.0,307.91948811529113
1520.0,307.9193864312238
1521.0,307.91939372906506
1522.0,307.91985548204536
1523.0,307.9217390052435
1524.0,307.923732734512
1525.0,307.9231738099875
1526.0,307.9212799376172
1527.0,307.9202540214998
1528.0,307.92091455708504
1529.0,307.9215771150134
1530.0,307.92092465644646
1531.0,307.9205521034404
1532.0,307.92026212564156
1533.0,307.9217630683642
1534.0,307.92288714008816
1535.0,307.9237376007812
1536.0,307.9222299046817
1537.0,307.922508178308
1538.0,307.92328009111657
1539.0,307.92430337834173
1540.0,307.9236579253242
1541.0,307.9233829560356
1542.0,307.92318761456244
1543.0,307.92430885522026
1544.0,307.925900120931
1545.0,307.9258027597095
1546.0,307.926003120507
1547.0,307.9244214883842
1548.0,307.9247843212779
1549.0,307.92487063252577
1550.0,307.92656879195766
1551.0,307.9270517838726
1552.0,307.9265724277736
1553.0,307.92581165908155
1554.0,307.92637568782686
1555.0,307.92722282562033
1556.0,307.92704325960693
1557.0,307.92694653936235
1558.0,307.9275123917987
1559.0,307.9281800458212
1560.0,307.9270615317019
1561.0,307.9278117815895
1562.0,307.928098303362
1563.0,307.9280819361939
1564.0,307.9274145502945
1565.0,307.92683475383666
1566.0,307.92758684830284
1567.0,307.92770028910695
1568.0,307.9285521490017
1569.0,307.9282643257938
1570.0,307.92846692991924
1571.0,307.92855068861365
1572.0,307.92911856000046
1573.0,307.9301650944413
1574.0,307.930824305422
1575.0,307.93101016290757
1576.0,307.9308194005233
1577.0,307.93035538193897
1578.0,307.9288335703563
1579.0,307.92901699920253
1580.0,307.9297774706337
1581.0,307.9303451727968
1582.0,307.92997393410076
1583.0,307.9305256013436
1584.0,307.9314771114546
1585.0,307.93157864715306
1586.0,307.9323367510213
1587.0,307.93336238907034
1588.0,307.93336056758415
1589.0,307.9324238377952
1590.0,307.93139207380847
1591.0,307.9323236501676
1592.0,307.93335118894043
1593.0,307.9343914863523
1594.0,307.93260598831233
1595.0,307.93092864823706
1596.0,307.93119920839416
1597.0,307.9328053945571
1598.0,307.93383651239526
1599.0,307.9334675344616
1600.0,307.93346243739336
1601.0,307.93253367774633
1602.0,307.933169098295
1603.0,307.9331768328411
1604.0,307.9338474442858
1605.0,307.9351617482306
1606.0,307.9361856368708
1607.0,307.9359023921259
1608.0,307.9355248944466
1609.0,307.9351443602969
1610.0,307.93618045948887
1611.0,307.935253188213
1612.0,307.93478019579527
1613.0,307.93497080995115
1614.0,307.935910463665
1615.0,307.9359063435049
1616.0,307.9355351440843
1617.0,307.93498512541754
1618.0,307.9367748529216
1619.0,307.937147173368
1620.0,307.93733254597146
1621.0,307.9356407322708
1622.0,307.936013609059
1623.0,307.93591404537744
1624.0,307.9366613529931
1625.0,307.93674690293733
1626.0,307.93685190395905
1627.0,307.93686798226264
1628.0,307.9380917768494
1629.0,307.9376897218343
1630.0,307.9367586486991
1631.0,307.9362873257795
1632.0,307.93601732880614
1633.0,307.93722527169365
1634.0,307.9383589861791
1635.0,307.9389369108739
1636.0,307.93817618911544
1637.0,307.938745941087
1638.0,307.93875539046735
1639.0,307.9394027567753
1640.0,307.93853792231727
1641.0,307.93789708900954
1642.0,307.93857748415246
1643.0,307.93904371776426
1644.0,307.9391358280372
1645.0,307.93828930801726
1646.0,307.9386613550497
1647.0,307.9386403492463
1648.0,307.93826945039893
1649.0,307.93836234300596
1650.0,307.93827991201783
1651.0,307.93959678001573
1652.0,307.9404414289603
1653.0,307.9412809787953
1654.0,307.94016293422357
1655.0,307.9390475856313
1656.0,307.9381014655224
1657.0,307.9397854821814
1658.0,307.94101089030335
1659.0,307.94299641243543
1660.0,307.9427183597402
1661.0,307.9426143270108
1662.0,307.94177545418
1663.0,307.9419698498971
1664.0,307.941111671002
1665.0,307.941019066527
1666.0,307.9409283569982
1667.0,307.9413026125559
1668.0,307.94148823190386
1669.0,307.94158781136844
1670.0,307.9408428444083
1671.0,307.9402574397593
1672.0,307.9401720649878
1673.0,307.94017221287686
1674.0,307.94102348770406
1675.0,307.94167331970476
1676.0,307.94158085738496
1677.0,307.94196552600863
1678.0,307.9429150627514
1679.0,307.9433892535991
1680.0,307.9421570420878
1681.0,307.94271736802125
1682.0,307.9430904736832
1683.0,307.9444006246483
1684.0,307.94432455917706
1685.0,307.9432845887542
1686.0,307.94252530529803
1687.0,307.94196832544463
1688.0,307.94347422522134
1689.0,307.9447797883728
1690.0,307.9447820166463
1691.0,307.9448881939035
1692.0,307.94404059543444
1693.0,307.94413535472296
1694.0,307.94396042414
1695.0,307.94433250354103
1696.0,307.94338335135103
1697.0,307.9425324701155
1698.0,307.9431909313505
1699.0,307.9434787825337
1700.0,307.94263275611826
1701.0,307.9429119745702
1702.0,307.9440414967953
1703.0,307.94461805232817
1704.0,307.94385701077766
1705.0,307.94348153231095
1706.0,307.9431961767378
1707.0,307.9445077750796
1708.0,307.9456422040669
1709.0,307.9460214703168
1710.0,307.94508269896784
1711.0,307.94423557481167
1712.0,307.94565226940085
1713.0,307.94668558249793
1714.0,307.94593466299494
1715.0,307.9447075288848
1716.0,307.9457486584133
1717.0,307.9467825005173
1718.0,307.9465928785683
1719.0,307.94688018339946
1720.0,307.94679445531574
1721.0,307.9466920413134
1722.0,307.9452728583199
1723.0,307.945279128262
1724.0,307.94499933096955
1725.0,307.94490045152094
1726.0,307.94376015214306
1727.0,307.9446988373419
1728.0,307.94602080133086
1729.0,307.9461206781373
1730.0,307.9457396938493
1731.0,307.94630801537437
1732.0,307.94630844566154
1733.0,307.9462966957453
1734.0,307.94546233205733
1735.0,307.9456486415796
1736.0,307.9474348348309
1737.0,307.9493228050638
1738.0,307.9495085734886
1739.0,307.9476238679268
1740.0,307.94678305056635
1741.0,307.94687480691147
1742.0,307.9465981061228
1743.0,307.9470728292194
1744.0,307.9472530720089
1745.0,307.9475284314197
1746.0,307.9467769596353
1747.0,307.94641426367934
1748.0,307.9462233405607
1749.0,307.94669628604487
1750.0,307.94707780518524
1751.0,307.9481942997162
1752.0,307.9494113565505
1753.0,307.94950830994264
1754.0,307.949601194882
1755.0,307.94828618283265
1756.0,307.94800702402114
1757.0,307.94744012223157
1758.0,307.9489458267058
1759.0,307.9497927797342
1760.0,307.94961478868504
1761.0,307.9491465344201
1762.0,307.94820605101165
1763.0,307.9473519783147
1764.0,307.9486621579317
1765.0,307.94838470590884
1766.0,307.94923059445
1767.0,307.9479940133689
1768.0,307.948101080632
1769.0,307.9484930256575
1770.0,307.94867944097695
1771.0,307.94932928314216
1772.0,307.9479215692718
1773.0,307.9479213952743
1774.0,307.9483905797943
1775.0,307.9496107001731
1776.0,307.94922846421775
1777.0,307.9489507781578
1778.0,307.9492387827499
1779.0,307.94953252935875
1780.0,307.9501960650843
1781.0,307.9498155544013
1782.0,307.94961549454194
1783.0,307.94792094040287
1784.0,307.9478251884247
1785.0,307.9475368678414
1786.0,307.9489515813634
1787.0,307.9484836952929
1788.0,307.94705837030966
1789.0,307.9468800859568
1790.0,307.9474526604127
1791.0,307.94857512956366
1792.0,307.9487712198932
1793.0,307.94952705355064
1794.0,307.9488666849718
1795.0,307.948588458279
1796.0,307.94857985047116
1797.0,307.94952659243904
1798.0,307.9495315973509
1799.0,307.94934375782054
1800.0,307.9483981664598
1801.0,307.94878179737896
1802.0,307.94878162483536
1803.0,307.94963694942226
1804.0,307.95009559620775
1805.0,307.9498250070256
1806.0,307.9489804183188
1807.0,307.94953067963115
1808.0,307.94990428110106
1809.0,307.94999819424066
1810.0,307.94840464091027
1811.0,307.9480301814001
1812.0,307.948585501008
1813.0,307.94971195701567
1814.0,307.9496161772797
1815.0,307.94904397305686
1816.0,307.95037042164165
1817.0,307.9517836228184
1818.0,307.95150354982695
1819.0,307.9505665388249
1820.0,307.94943767973007
1821.0,307.94914940709185
1822.0,307.94961944294437
1823.0,307.9504595055657
1824.0,307.9509324510498
1825.0,307.95036215630955
1826.0,307.95018438952627
1827.0,307.95047529327104
1828.0,307.9507770759946
1829.0,307.9505920601853
1830.0,307.9499200474482
1831.0,307.9489771837115
1832.0,307.94831764965653
1833.0,307.9483144719754
1834.0,307.94803703245026
1835.0,307.9486002088345
1836.0,307.9478352150451
1837.0,307.94829970719627
1838.0,307.9486861882138
1839.0,307.9501083856336
1840.0,307.9497280020146
1841.0,307.9495403599485
1842.0,307.94907537501103
1843.0,307.9485093251104
1844.0,307.9485001126283
1845.0,307.9497283785303
1846.0,307.9508713846187
1847.0,307.95095688178117
1848.0,307.9505763476314
1849.0,307.9501007133641
1850.0,307.9504769720517
1851.0,307.9516020994327
1852.0,307.95189572116686
1853.0,307.9511425543284
1854.0,307.95152278887065
1855.0,307.95152481591236
1856.0,307.95039216382963
1857.0,307.949550282124
1858.0,307.9499222102864
1859.0,307.9503874742343
1860.0,307.9499031009161
1861.0,307.95038567998813
1862.0,307.9514242584315
1863.0,307.9499006437098
1864.0,307.9481244432881
1865.0,307.94832575653686
1866.0,307.95011681103597
1867.0,307.95114795234093
1868.0,307.95247708926905
1869.0,307.95163219700555
1870.0,307.9500343040673
1871.0,307.9489962881993
1872.0,307.95000967380514
1873.0,307.9501941691086
1874.0,307.949432242647
1875.0,307.9491618480212
1876.0,307.94973722257436
1877.0,307.94890019536973
1878.0,307.94796523271435
1879.0,307.9478632150237
1880.0,307.9483382535269
1881.0,307.9484282158793
1882.0,307.94869267876913
1883.0,307.94907306238815
1884.0,307.9498159172646
1885.0,307.9502945500815
1886.0,307.9511480531822
1887.0,307.9514403366263
1888.0,307.9517006563814
1889.0,307.9510493967738
1890.0,307.9502106064169
1891.0,307.94936446177815
1892.0,307.9498269351483
1893.0,307.95002702782966
1894.0,307.95022142354674
1895.0,307.9501302353814
1896.0,307.95003688927
1897.0,307.94946393500277
1898.0,307.9498396119016
1899.0,307.9499321737667
1900.0,307.9493651584434
1901.0,307.94870997015437
1902.0,307.9485245013371
1903.0,307.94851600336983
1904.0,307.9484217196283
1905.0,307.9498471204087
1906.0,307.9513470677273
1907.0,307.95143995266665
1908.0,307.9506918150235
1909.0,307.95069888736407
1910.0,307.94947317779844
1911.0,307.949380620257
1912.0,307.9500324536326
1913.0,307.950023430519
1914.0,307.949093301466
1915.0,307.9479668392773
1916.0,307.94777527235357
1917.0,307.94749144586035
1918.0,307.9476778839005
1919.0,307.9483358870551
1920.0,307.94926661170734
1921.0,307.9496458164061
1922.0,307.9497395784298
1923.0,307.9489964960635
1924.0,307.9485255050589
1925.0,307.9481478851475
1926.0,307.94862100317516
1927.0,307.9483429327199
1928.0,307.9474041616545
1929.0,307.94721609220915
1930.0,307.94739557995354
1931.0,307.9486138197611
1932.0,307.94909491169824
1933.0,307.949103085014
1934.0,307.9497619949332
1935.0,307.95003559410526
1936.0,307.95022373469703
1937.0,307.94956504425494
1938.0,307.95003702002475
1939.0,307.94974980180945
1940.0,307.94890577554327
1941.0,307.94845194622417
1942.0,307.94834877126056
1943.0,307.9483463855258
1944.0,307.9476031650402
1945.0,307.9475077596031
1946.0,307.94739531119615
1947.0,307.94712422087866
1948.0,307.947031212676
1949.0,307.9471323230195
1950.0,307.9479789412633
1951.0,307.94806308529036
1952.0,307.9465602818638
1953.0,307.9463656886824
1954.0,307.94589791101544
1955.0,307.94617693010196
1956.0,307.9466485663247
1957.0,307.9472222869468
1958.0,307.94750143879855
1959.0,307.94694094087475
1960.0,307.94853882163255
1961.0,307.9489099097979
1962.0,307.9491103050558
1963.0,307.9481708947336
1964.0,307.948161345152
1965.0,307.94778291450876
1966.0,307.9471407175526
1967.0,307.94676255482375
1968.0,307.94750990919516
1969.0,307.94826265126386
1970.0,307.9484333373519
1971.0,307.94777746572174
1972.0,307.9464625915984
1973.0,307.94608418182395
1974.0,307.946642764576
1975.0,307.9472197427895
1976.0,307.9478741405832
1977.0,307.9475946450601
1978.0,307.9483534613968
1979.0,307.94742386060193
1980.0,307.9477110141945
1981.0,307.9478968266831
1982.0,307.94733004763384
1983.0,307.94534851654214
1984.0,307.9441161602396
1985.0,307.94486044826743
1986.0,307.9457975995472
1987.0,307.9458985893768
1988.0,307.9459062474462
1989.0,307.9458209721479
1990.0,307.946183891566
1991.0,307.94618929752073
1992.0,307.9447787628845
1993.0,307.9441185441924
1994.0,307.94431552381644
1995.0,307.9460020217509
1996.0,307.9460954515884
1997.0,307.9461714018547
1998.0,307.9455367316186
1999.0,307.9460111755146
2000.0,307.94609144474515
2001.0,307.9463713932762
2002.0,307.94562212864525
2003.0,307.9454370680641
2004.0,307.94514956558385
2005.0,307.9454468334717
2006.0,307.9462953947682
2007.0,307.9468498467406
2008.0,307.94552206126184
2009.0,307.94412574884143
2010.0,307.9431972956618
2011.0,307.94412172757507
2012.0,307.9443003350022
2013.0,307.9448608278944
2014.0,307.9443105672518
2015.0,307.94488692278355
2016.0,307.94555100560933
2017.0,307.94460346078114
2018.0,307.9425229798405
2019.0,307.9405450320972
2020.0,307.9416780072542
2021.0,307.9435565541146
2022.0,307.9438465051701
2023.0,307.94356797886985
2024.0,307.9429127477288
2025.0,307.9423461687534
2026.0,307.9416795117851
2027.0,307.9425259210628
2028.0,307.9429913803131
2029.0,307.9436471745625
2030.0,307.94215444675274
2031.0,307.94234582255365
2032.0,307.9424321045953
2033.0,307.94393108819736
2034.0,307.9442158322846
2035.0,307.94450197674945
2036.0,307.9444165993488
2037.0,307.94394651421607
2038.0,307.94301203721164
2039.0,307.9421499537522
2040.0,307.9422445098697
2041.0,307.94252350835916
2042.0,307.9430094305028
2043.0,307.9433800326124
2044.0,307.9431011832379
2045.0,307.9437484892996
2046.0,307.94393348614756
2047.0,307.94365493638054
2048.0,307.94290731980215
2049.0,307.94169588438547
2050.0,307.9415148992336
2051.0,307.94122153619986
2052.0,307.94177233024095
2053.0,307.94112514385984
2054.0,307.9398147758322
2055.0,307.93981333300434
2056.0,307.94105173693686
2057.0,307.9411469727001
2058.0,307.9414231275794
2059.0,307.9422547227592
2060.0,307.9427218124408
2061.0,307.9414029120245
2062.0,307.93980259294136
2063.0,307.9401823304118
2064.0,307.9402689432473
2065.0,307.94054623918515
2066.0,307.94130933236454
2067.0,307.9417844481868
2068.0,307.94187778542624
2069.0,307.94178498061723
2070.0,307.94131968958675
2071.0,307.94038195230576
2072.0,307.9411345094939
2073.0,307.94038593765464
2074.0,307.94011016974747
2075.0,307.938216975998
2076.0,307.9387746946362
2077.0,307.93972277709855
2078.0,307.93952956055955
2079.0,307.93924303181063
2080.0,307.9384955372238
2081.0,307.93736914018393
2082.0,307.9373774209352
2083.0,307.9374619516684
2084.0,307.9379278796945
2085.0,307.93773928247623
2086.0,307.9373691707706
2087.0,307.93736833631067
2088.0,307.9382156862802
2089.0,307.9392549296881
2090.0,307.9388748456766
2091.0,307.9385075339673
2092.0,307.93765964139664
2093.0,307.9373770184031
2094.0,307.9367071837109
2095.0,307.9369036966218
2096.0,307.9367183527066
2097.0,307.9369036812643
2098.0,307.9376468488307
2099.0,307.9383176498905
2100.0,307.93859772552366
2101.0,307.9387808698536
2102.0,307.9382205488329
2103.0,307.9374762615129
2104.0,307.9372783181068
2105.0,307.9368991613337
2106.0,307.93662016142844
2107.0,307.9364320222906
2108.0,307.93624545714835
2109.0,307.9362443780245
2110.0,307.93670224261524
2111.0,307.9377362487361
2112.0,307.9386832042106
2113.0,307.9384018356308
2114.0,307.93775060579384
2115.0,307.9363394108039
2116.0,307.93587209489357
2117.0,307.93606471840474
2118.0,307.9345444582538
2119.0,307.9343414819178
2120.0,307.93547634712525
2121.0,307.9363384287967
2122.0,307.93681171936794
2123.0,307.9366242801725
2124.0,307.9370881412526
2125.0,307.93661450033966
2126.0,307.9359691580724
2127.0,307.93550369740626
2128.0,307.93579089793235
2129.0,307.9364517723911
2130.0,307.9366302072746
2131.0,307.93578386173755
2132.0,307.93398832618254
2133.0,307.93399695347483
2134.0,307.933989132258
2135.0,307.9348272524351
2136.0,307.9349263610909
2137.0,307.9350183103626
2138.0,307.93483142002236
2139.0,307.93559198532074
2140.0,307.93531266808066
2141.0,307.9346446572641
2142.0,307.9337023735232
2143.0,307.93360884101946
2144.0,307.935216943375
2145.0,307.9363599206742
2146.0,307.9358876419357
2147.0,307.9335094350268
2148.0,307.9310513170953
2149.0,307.93144000493237
2150.0,307.93304192803953
2151.0,307.9333201937646
2152.0,307.9340848939767
2153.0,307.93484811108686
2154.0,307.9346634176439
2155.0,307.93351574148545
2156.0,307.9325559020386
2157.0,307.9322780218869
2158.0,307.93257461779973
2159.0,307.93258397290344
2160.0,307.9328780050491
2161.0,307.9316482085276
2162.0,307.9313517011036
2163.0,307.9305891813258
2164.0,307.9309661883433
2165.0,307.93163503432766
2166.0,307.9320094603432
2167.0,307.931062269659
2168.0,307.93077718787987
2169.0,307.9321981151971
2170.0,307.93210503905084
2171.0,307.9318192149093
2172.0,307.9302305768329
2173.0,307.9307043568409
2174.0,307.930992022527
2175.0,307.9309815089935
2176.0,307.93041550602646
2177.0,307.9297479771365
2178.0,307.930018742256
2179.0,307.9305844221488
2180.0,307.9296602062639
2181.0,307.9290922615163
2182.0,307.9289130463598
2183.0,307.9299489261219
2184.0,307.92994960457787
2185.0,307.9299538688593
2186.0,307.92853908183565
2187.0,307.9274121095017
2188.0,307.92655641774934
2189.0,307.9275869107439
2190.0,307.92930171829823
2191.0,307.93043102969307
2192.0,307.92911387801587
2193.0,307.92864208563356
2194.0,307.927972377136
2195.0,307.9284343708405
2196.0,307.92937979576044
2197.0,307.92900833978723
2198.0,307.9285290209617
2199.0,307.9279754588511
2200.0,307.9286341962269
2201.0,307.92863164846176
2202.0,307.9283334137029
2203.0,307.92739012336267
2204.0,307.92638530050925
2205.0,307.9266728535092
2206.0,307.9275033986737
2207.0,307.92701795020776
2208.0,307.926281471488
2209.0,307.9253395232721
2210.0,307.9252363559082
2211.0,307.92505353465253
2212.0,307.9256146025492
2213.0,307.9261646205081
2214.0,307.92588276334374
2215.0,307.9265379028121
2216.0,307.92681627787374
2217.0,307.92739725369194
2218.0,307.9270275346946
2219.0,307.9267390629915
2220.0,307.9255243290068
2221.0,307.925616783659
2222.0,307.9259861133552
2223.0,307.92570100840794
2224.0,307.9253203024225
2225.0,307.92531934492365
2226.0,307.925980249361
2227.0,307.9263601138954
2228.0,307.92599454009087
2229.0,307.9249628469522
2230.0,307.92421540146074
2231.0,307.92319602061195
2232.0,307.9239299202746
2233.0,307.92552726093146
2234.0,307.9264776787991
2235.0,307.9260037382786
2236.0,307.9241165762908
2237.0,307.9242103864274
2238.0,307.9245862974159
2239.0,307.9256087153641
2240.0,307.92616740393305
2241.0,307.92514198442274
2242.0,307.92363960451377
2243.0,307.9233514816984
2244.0,307.9250482481559
2245.0,307.92542108237234
2246.0,307.92533550265756
2247.0,307.9227027733657
2248.0,307.9211938455344
2249.0,307.92223143779063
2250.0,307.9254303031221
2251.0,307.9258966882775
2252.0,307.9244972331524
2253.0,307.922798517785
2254.0,307.9226078722201
2255.0,307.92279958781313
2256.0,307.9231628295977
2257.0,307.9226912168417
2258.0,307.92250850292226
2259.0,307.92195078216037
2260.0,307.92335387524645
2261.0,307.9226014377344
2262.0,307.9219515803249
2263.0,307.91998786696087
2264.0,307.92044584620277
2265.0,307.9206277080153
2266.0,307.92071927091564
2267.0,307.9206419344522
2268.0,307.92091981482645
2269.0,307.9220533858199
2270.0,307.9213963502497
2271.0,307.9214043885997
2272.0,307.9206419250964
2273.0,307.92101521068514
2274.0,307.92159655569617
2275.0,307.9216900867841
2276.0,307.92054511542267
2277.0,307.9190309884892
2278.0,307.9192250845988
2279.0,307.9190309980343
2280.0,307.9190319328114
2281.0,307.91884826201346
2282.0,307.91847502057027
2283.0,307.9187534396576
2284.0,307.917813711624
2285.0,307.9188330418513
2286.0,307.9182668663407
2287.0,307.9193194738354
2288.0,307.9182865901562
2289.0,307.91790403112657
2290.0,307.9178073768918
2291.0,307.91706339134123
2292.0,307.91650686755537
2293.0,307.91753279706467
2294.0,307.918758657161
2295.0,307.91792049470735
2296.0,307.9161333415991
2297.0,307.9159496473344
2298.0,307.91735869731616
2299.0,307.9185679908785
2300.0,307.91771931891475
2301.0,307.91668511421886
2302.0,307.9156526820707
2303.0,307.91620976636045
2304.0,307.91592409009957
2305.0,307.91573754215847
2306.0,307.9155439574754
2307.0,307.91592427024636
2308.0,307.9160211013483
2309.0,307.9163883958004
2310.0,307.9165832885893
2311.0,307.91714920443496
2312.0,307.91762411229666
2313.0,307.91706048075054
2314.0,307.9175273107428
2315.0,307.9165121793286
2316.0,307.915843080539
2317.0,307.91509485096543
2318.0,307.9150021371538
2319.0,307.914429135953
2320.0,307.9147956082789
2321.0,307.9154546687289
2322.0,307.91556083552575
2323.0,307.91406323225243
2324.0,307.9136861251806
2325.0,307.91349635963644
2326.0,307.9127523953908
2327.0,307.9122807276101
2328.0,307.9127503441341
2329.0,307.9131308782839
2330.0,307.91265664430284
2331.0,307.91208976426594
2332.0,307.9122770052892
2333.0,307.9133102995442
2334.0,307.9146135977995
2335.0,307.91366671507205
2336.0,307.91169692184064
2337.0,307.91133267305264
2338.0,307.9116108762786
2339.0,307.9112381940468
2340.0,307.9105852317031
2341.0,307.91134905712573
2342.0,307.91266078953265
2343.0,307.91359900026964
2344.0,307.9129331331211
2345.0,307.91208826018243
2346.0,307.9107759160692
2347.0,307.9117093470021
2348.0,307.91237223128184
2349.0,307.91160277272803
2350.0,307.91020708373543
2351.0,307.9101106944579
2352.0,307.9110449441972
2353.0,307.9111383247544
2354.0,307.9106794806823
2355.0,307.91077704022496
2356.0,307.91040370770264
2357.0,307.90870236810974
2358.0,307.9086930781932
2359.0,307.90982179926635
2360.0,307.9102065390744
2361.0,307.91029927419095
2362.0,307.90972545306664
2363.0,307.9098235908586
2364.0,307.908987042735
2365.0,307.90899329424184
2366.0,307.90879834165946
2367.0,307.90898385741036
2368.0,307.90983986305673
2369.0,307.90973802704286
2370.0,307.90870848502584
2371.0,307.90643973735297
2372.0,307.90719185528593
2373.0,307.90813277412406
2374.0,307.9087838719037
2375.0,307.90916613132583
2376.0,307.9090758887085
2377.0,307.9079599536905
2378.0,307.90720864071295
2379.0,307.9063517676385
2380.0,307.9059797102503
2381.0,307.9048547780405
2382.0,307.90579231039777
2383.0,307.90654926738637
2384.0,307.9075828680935
2385.0,307.90721046632615
2386.0,307.9081460976664
2387.0,307.90861641685296
2388.0,307.90852368244435
2389.0,307.9065404782335
2390.0,307.90625008684515
2391.0,307.90643792708335
2392.0,307.90662673565487
2393.0,307.90700719966446
2394.0,307.9061703539056
2395.0,307.90597578530867
2396.0,307.9058825552822
2397.0,307.90681428795233
2398.0,307.90541661240405
2399.0,307.9044720743536
2400.0,307.9043837430651
2401.0,307.9044775161289
2402.0,307.90446932274233
2403.0,307.90381117121876
2404.0,307.9032541186183
2405.0,307.9027726442226
2406.0,307.9040002115632
2407.0,307.90513191788983
2408.0,307.9057041463635
2409.0,307.90550874289687
2410.0,307.905595749207
2411.0,307.9054125393592
2412.0,307.9051336906926
2413.0,307.9041801955299
2414.0,307.9016512109385
2415.0,307.90052718614805
2416.0,307.90071618559705
2417.0,307.9022145731166
2418.0,307.90268609293594
2419.0,307.9013635669061
2420.0,307.90014437988856
2421.0,307.9011861415852
2422.0,307.9039193086594
2423.0,307.9039103582928
2424.0,307.90173938995093
2425.0,307.9014605213951
2426.0,307.90089753599756
2427.0,307.90174038043784
2428.0,307.9018324466851
2429.0,307.9033429844255
2430.0,307.9030662116761
2431.0,307.9035324683136
2432.0,307.9029582932649
2433.0,307.90229494021054
2434.0,307.90164303445437
2435.0,307.90061742010624
2436.0,307.89931524018874
2437.0,307.89959703710684
2438.0,307.9004265804587
2439.0,307.9009850978999
2440.0,307.9001426276397
2441.0,307.9003285669081
2442.0,307.9001514515891
2443.0,307.90099449457875
2444.0,307.9008165717887
2445.0,307.90139513212716
2446.0,307.9001617781618
2447.0,307.90005110523936
2448.0,307.90054413614337
2449.0,307.9014774928299
2450.0,307.9012816714479
2451.0,307.9003387399555
2452.0,307.89921199730236
2453.0,307.8979831602662
2454.0,307.89845277895216
2455.0,307.8990194658484
2456.0,307.899125351622
2457.0,307.8978053288832
2458.0,307.89770159576125
2459.0,307.89805822374547
2460.0,307.89891465074754
2461.0,307.89967804260397
2462.0,307.8994106648042
2463.0,307.8987507485893
2464.0,307.89808816484754
2465.0,307.8974254145857
2466.0,307.8975095217021
2467.0,307.8966686496503
2468.0,307.89666880018103
2469.0,307.89619587816367
2470.0,307.89609989336265
2471.0,307.8954470158468
2472.0,307.89666473579393
2473.0,307.8973381327115
2474.0,307.8965791746934
2475.0,307.8950573762509
2476.0,307.8944996528474
2477.0,307.89562933429414
2478.0,307.8962842921215
2479.0,307.89543779210106
2480.0,307.8939299869403
2481.0,307.89364459509085
2482.0,307.8945839800507
2483.0,307.896185589163
2484.0,307.89676643494823
2485.0,307.8963809978449
2486.0,307.8960114491801
2487.0,307.89554444806777
2488.0,307.89583072958175
2489.0,307.8950686631105
2490.0,307.8949669577382
2491.0,307.8935560645176
2492.0,307.89336119079337
2493.0,307.8939299440299
2494.0,307.8946903585749
2495.0,307.89375065124875
2496.0,307.89289997694146
2497.0,307.8930803132976
2498.0,307.8935543998403
2499.0,307.8936419082211
2500.0,307.89345812132024
2501.0,307.89365386510866
2502.0,307.89394501414404
2503.0,307.89375874864743
2504.0,307.8940317258456
2505.0,307.8940378004852
2506.0,307.8926246513491
2507.0,307.89195933726313
2508.0,307.892238794801
2509.0,307.89213711002577
2510.0,307.8914840236779
2511.0,307.8912036448596
2512.0,307.89224634346306
2513.0,307.89224763743925
2514.0,307.89215518420286
2515.0,307.89243548270906
2516.0,307.8914875758354
2517.0,307.8915816025412
2518.0,307.8907253091715
2519.0,307.8908284408173
2520.0,307.8907391334866
2521.0,307.89083183466585
2522.0,307.8903569459854
2523.0,307.88932448354313
2524.0,307.88971119776704
2525.0,307.88923792920866
2526.0,307.8890459356135
2527.0,307.8889528788385
2528.0,307.89017936792044
2529.0,307.8910192402709
2530.0,307.8913914687869
2531.0,307.8913047386174
2532.0,307.8909300558295
2533.0,307.89046573763767
2534.0,307.890173885975
2535.0,307.8896124287279
2536.0,307.8887678994606
2537.0,307.88859362318186
2538.0,307.88812055611305
2539.0,307.88858225021005
2540.0,307.8897973050322
2541.0,307.8904487280098
2542.0,307.88969013857724
2543.0,307.8882827450729
2544.0,307.8880973603431
2545.0,307.8882908995241
2546.0,307.8882146112583
2547.0,307.887551454115
2548.0,307.8873725550466
2549.0,307.88829427095453
2550.0,307.8884838106517
2551.0,307.8874518322805
2552.0,307.887256766948
2553.0,307.88733934630505
2554.0,307.8877112730517
2555.0,307.88669022546975
2556.0,307.8863211722147
2557.0,307.88735373429654
2558.0,307.88810033117625
2559.0,307.8875174509557
2560.0,307.8873306898413
2561.0,307.88884429009715
2562.0,307.8896070546619
2563.0,307.8880158603499
2564.0,307.88603922752475
2565.0,307.88520108745837
2566.0,307.8849279201793
2567.0,307.88527944216304
2568.0,307.88508454866627
2569.0,307.8849015106541
2570.0,307.88405455714593
2571.0,307.8841511121072
2572.0,307.885580792663
2573.0,307.88734795751793
2574.0,307.8873401350449
2575.0,307.8863895022055
2576.0,307.8854597247633
2577.0,307.88526715575387
2578.0,307.88536919922217
2579.0,307.8851840065456
2580.0,307.8842509443078
2581.0,307.8838791467869
2582.0,307.8841527488774
2583.0,307.8840575181457
2584.0,307.88349981939666
2585.0,307.883110186585
2586.0,307.8827241682545
2587.0,307.88282194511254
2588.0,307.8824592105131
2589.0,307.88256110490465
2590.0,307.8823773613597
2591.0,307.8825754507503
2592.0,307.8827695681649
2593.0,307.8832213127657
2594.0,307.88274464536755
2595.0,307.88189289100603
2596.0,307.8815395076996
2597.0,307.8817254714269
2598.0,307.8813368621301
2599.0,307.880023406797
2600.0,307.8799301781863
2601.0,307.88190392232144
2602.0,307.8838811577274
2603.0,307.88368609239495
2604.0,307.8827571255714
2605.0,307.88285033071537
2606.0,307.88341143293945
2607.0,307.88330997703747
2608.0,307.88330135045305
2609.0,307.88254930619763
2610.0,307.8816036692512
2611.0,307.8822630527755
2612.0,307.88255630223904
2613.0,307.8818122932216
2614.0,307.8806827695398
2615.0,307.8801041364167
2616.0,307.8801976248947
2617.0,307.8801120686467
2618.0,307.879170189496
2619.0,307.8791623808958
2620.0,307.87953770674005
2621.0,307.88001062544
2622.0,307.8798248100816
2623.0,307.8789739435899
2624.0,307.87822965697785
2625.0,307.87747298497914
2626.0,307.8773808965374
2627.0,307.8779464251915
2628.0,307.87917011334406
2629.0,307.878127841751
2630.0,307.87746640988007
2631.0,307.87681876443037
2632.0,307.8781301036229
2633.0,307.87784357271215
2634.0,307.8776503201973
2635.0,307.87784439500194
2636.0,307.8794646392533
2637.0,307.8791869260256
2638.0,307.87786783590275
2639.0,307.87748931231897
2640.0,307.87729481345247
2641.0,307.8780369859825
2642.0,307.8775789585348
2643.0,307.87776526734916
2644.0,307.87720278860434
2645.0,307.8772948763382
2646.0,307.8766327983187
2647.0,307.8755869868624
2648.0,307.87540102242724
2649.0,307.87485004446637
2650.0,307.8753180527183
2651.0,307.87624847560113
2652.0,307.87624242677504
2653.0,307.87511412682323
2654.0,307.87539362234634
2655.0,307.8751086963194
2656.0,307.8753973056379
2657.0,307.8750185202273
2658.0,307.8756822045795
2659.0,307.87542175559867
2660.0,307.87589032824883
2661.0,307.875402532303
2662.0,307.87549494363736
2663.0,307.8753181291241
2664.0,307.87457276462237
2665.0,307.8738210199744
2666.0,307.8743584703295
2667.0,307.8751040066288
2668.0,307.8752020094168
2669.0,307.87418587159317
2670.0,307.8731620887502
2671.0,307.87268222523613
2672.0,307.87372104990027
2673.0,307.8741911900578
2674.0,307.8752324709553
2675.0,307.8751311602133
2676.0,307.8748502399558
2677.0,307.87381707522763
2678.0,307.87279346422025
2679.0,307.8715545110986
2680.0,307.87211045916655
2681.0,307.8718184519007
2682.0,307.8722082753196
2683.0,307.87193716582084
2684.0,307.8726044835553
2685.0,307.87241132936396
2686.0,307.87305490113147
2687.0,307.8720128324441
2688.0,307.8704174874665
2689.0,307.87042514553593
2690.0,307.8720238268448
2691.0,307.8723210050571
2692.0,307.87147235562963
2693.0,307.870341129136
2694.0,307.87005327101724
2695.0,307.8702489346342
2696.0,307.87043910152164
2697.0,307.87043079730364
2698.0,307.8712718646579
2699.0,307.87165323397545
2700.0,307.8719276870492
2701.0,307.871731209228
2702.0,307.87127532447994
2703.0,307.87145526766193
2704.0,307.87165224512415
2705.0,307.8721168863903
2706.0,307.8715572249621
2707.0,307.87071008787655
2708.0,307.87004927868736
2709.0,307.8695797348751
2710.0,307.8694026080565
2711.0,307.8692116159505
2712.0,307.8679766443018
2713.0,307.86741924803
2714.0,307.8676025121896
2715.0,307.86863591477174
2716.0,307.86873447207654
