Time,In_column_Top
0,297.244
1,297.244
2,297.246
3,297.247
4,297.247
5,297.242
6,297.242
7,297.242
8,297.241
9,297.241
10,297.244
11,297.246
12,297.246
13,297.246
14,297.246
15,297.2501
16,297.2631
17,297.2631
18,297.2681
19,297.2721
20,297.2721
21,297.247
22,297.243
23,297.244
24,297.2501
25,297.2501
26,297.247
27,297.243
28,297.243
29,297.245
30,297.246
31,297.246
32,297.2521
33,297.2521
34,297.2511
35,297.2501
36,297.2501
37,297.244
38,297.242
39,297.243
40,297.2591
41,297.2591
42,297.2581
43,297.2551
44,297.2551
45,297.2581
46,297.2601
47,297.2601
48,297.2491
49,297.2481
50,297.2501
51,297.2541
52,297.2541
53,297.2501
54,297.247
55,297.247
56,297.246
57,297.246
58,297.2501
59,297.2621
60,297.2621
61,297.2611
62,297.2601
63,297.2601
64,297.2521
65,297.2501
66,297.2521
67,297.2591
68,297.2591
69,297.2611
70,297.2631
71,297.2631
72,297.2621
73,297.2621
74,297.2621
75,297.2601
76,297.2601
77,297.2591
78,297.2571
79,297.2571
80,297.2501
81,297.247
82,297.247
83,297.2651
84,297.2651
85,297.2621
86,297.2541
87,297.2541
88,297.2651
89,297.2721
90,297.2721
91,297.2511
92,297.2481
93,297.2511
94,297.2591
95,297.2591
96,297.2611
97,297.2631
98,297.2631
99,297.2601
100,297.2591
101,297.2591
102,297.2581
103,297.2581
104,297.2611
105,297.2641
106,297.2641
107,297.2621
108,297.2611
109,297.2611
110,297.2681
111,297.2681
112,297.2691
113,297.2721
114,297.2721
115,297.2661
116,297.2631
117,297.2631
118,297.2721
119,297.2721
120,297.2701
121,297.2661
122,297.2661
123,297.2611
124,297.2581
125,297.2581
126,297.2671
127,297.2681
128,297.2691
129,297.2721
130,297.2721
131,297.2701
132,297.2691
133,297.2691
134,297.2621
135,297.2611
136,297.2621
137,297.2661
138,297.2661
139,297.2641
140,297.2621
141,297.2621
142,297.2641
143,297.2641
144,297.2641
145,297.2621
146,297.2621
147,297.2661
148,297.2721
149,297.2721
150,297.2691
151,297.2681
152,297.2681
153,297.2691
154,297.2691
155,297.2681
156,297.2671
157,297.2671
158,297.2681
159,297.2681
160,297.2681
161,297.2631
162,297.2631
163,297.2651
164,297.2691
165,297.2691
166,297.2701
167,297.2711
168,297.2711
169,297.2601
170,297.2591
171,297.2601
172,297.2641
173,297.2641
174,297.2661
175,297.2681
176,297.2681
177,297.2671
178,297.2671
179,297.2681
180,297.2771
181,297.2771
182,297.2731
183,297.2691
184,297.2691
185,297.2701
186,297.2701
187,297.2701
188,297.2761
189,297.2761
190,297.2751
191,297.2731
192,297.2731
193,297.2751
194,297.2761
195,297.2761
196,297.2741
197,297.2741
198,297.2751
199,297.2771
200,297.2771
201,297.2691
202,297.2631
203,297.2631
204,297.2681
205,297.2681
206,297.2711
207,297.2791
208,297.2791
209,297.2791
210,297.2791
211,297.2791
212,297.2761
213,297.2761
214,297.2771
215,297.2801
216,297.2801
217,297.2791
218,297.2781
219,297.2781
220,297.2841
221,297.2851
222,297.2831
223,297.2711
224,297.2711
225,297.2771
226,297.2851
227,297.2851
228,297.2801
229,297.2781
230,297.2771
231,297.2681
232,297.2681
233,297.2711
234,297.2781
235,297.2781
236,297.2751
237,297.2741
238,297.2741
239,297.2771
240,297.2771
241,297.2741
242,297.2661
243,297.2661
244,297.2781
245,297.2871
246,297.2871
247,297.2891
248,297.2891
249,297.2861
250,297.2781
251,297.2781
252,297.2781
253,297.2791
254,297.2791
255,297.2861
256,297.2871
257,297.2871
258,297.2871
259,297.2871
260,297.2831
261,297.2771
262,297.2771
263,297.2861
264,297.2891
265,297.2901
266,297.3021
267,297.3021
268,297.2961
269,297.2861
270,297.2861
271,297.2831
272,297.2811
273,297.2811
274,297.2901
275,297.2901
276,297.2901
277,297.2891
278,297.2891
279,297.2861
280,297.2841
281,297.2841
282,297.2831
283,297.2831
284,297.2811
285,297.2751
286,297.2751
287,297.2821
288,297.2891
289,297.2891
290,297.2851
291,297.2841
292,297.2841
293,297.2871
294,297.2871
295,297.2881
296,297.2881
297,297.2881
298,297.2911
299,297.2921
300,297.2921
301,297.2841
302,297.2841
303,297.2841
304,297.2831
305,297.2831
306,297.2901
307,297.2931
308,297.2931
309,297.2891
310,297.2891
311,297.2901
312,297.2931
313,297.2931
314,297.2881
315,297.2861
316,297.2861
317,297.2971
318,297.2981
319,297.2961
320,297.2911
321,297.2911
322,297.2931
323,297.2941
324,297.2941
325,297.2971
326,297.2971
327,297.2961
328,297.2941
329,297.2941
330,297.2911
331,297.2881
332,297.2881
333,297.2991
334,297.3011
335,297.3011
336,297.3031
337,297.3031
338,297.3041
339,297.3061
340,297.3061
341,297.3061
342,297.3061
343,297.3051
344,297.2881
345,297.2881
346,297.2961
347,297.3072
348,297.3072
349,297.2991
350,297.2941
351,297.2941
352,297.2961
353,297.2961
354,297.3001
355,297.3082
356,297.3082
357,297.3051
358,297.3031
359,297.3031
360,297.3112
361,297.3122
362,297.3122
363,297.3122
364,297.3122
365,297.3162
366,297.3192
367,297.3192
368,297.3222
369,297.3232
370,297.3212
371,297.3112
372,297.3112
373,297.3132
374,297.3162
375,297.3162
376,297.3092
377,297.3082
378,297.3072
379,297.3031
380,297.3031
381,297.3092
382,297.3182
383,297.3182
384,297.3162
385,297.3152
386,297.3152
387,297.3152
388,297.3152
389,297.3152
390,297.3152
391,297.3152
392,297.3172
393,297.3182
394,297.3182
395,297.3272
396,297.3272
397,297.3262
398,297.3232
399,297.3232
400,297.3262
401,297.3282
402,297.3282
403,297.3252
404,297.3252
405,297.3272
406,297.3372
407,297.3372
408,297.3312
409,297.3262
410,297.3262
411,297.3372
412,297.3392
413,297.3392
414,297.3372
415,297.3372
416,297.3332
417,297.3272
418,297.3272
419,297.3262
420,297.3262
421,297.3262
422,297.3212
423,297.3212
424,297.3222
425,297.3252
426,297.3252
427,297.3262
428,297.3272
429,297.3272
430,297.3342
431,297.3342
432,297.3332
433,297.3302
434,297.3302
435,297.3352
436,297.3392
437,297.3392
438,297.3292
439,297.3282
440,297.3292
441,297.3332
442,297.3332
443,297.3302
444,297.3272
445,297.3272
446,297.3332
447,297.3342
448,297.3332
449,297.3282
450,297.3282
451,297.3282
452,297.3282
453,297.3282
454,297.3332
455,297.3342
456,297.3342
457,297.3382
458,297.3382
459,297.3332
460,297.3272
461,297.3272
462,297.3272
463,297.3272
464,297.3272
465,297.3212
466,297.3212
467,297.3262
468,297.3362
469,297.3362
470,297.3372
471,297.3382
472,297.3382
473,297.3412
474,297.3412
475,297.3452
476,297.3592
477,297.3592
478,297.3673
479,297.3733
480,297.3733
481,297.3833
482,297.3843
483,297.3923
484,297.4244
485,297.4244
486,297.4314
487,297.4394
488,297.4394
489,297.4794
490,297.4915
491,297.4965
492,297.5295
493,297.5295
494,297.5526
495,297.5816
496,297.5816
497,297.6117
498,297.6207
499,297.6237
500,297.6748
501,297.6748
502,297.6878
503,297.7108
504,297.7108
505,297.7469
506,297.7669
507,297.7669
508,297.803
509,297.803
510,297.808
511,297.819
512,297.819
513,297.83
514,297.8381
515,297.8381
516,297.8611
517,297.8621
518,297.8651
519,297.8781
520,297.8781
521,297.8942
522,297.9092
523,297.9092
524,297.9583
525,297.9653
526,297.9793
527,298.0424
528,298.0424
529,298.0915
530,298.1476
531,298.1476
532,298.2307
533,298.2558
534,298.2638
535,298.379
536,298.379
537,298.4341
538,298.5262
539,298.5262
540,298.6264
541,298.6675
542,298.6675
543,298.8057
544,298.8057
545,298.8518
546,298.952
547,298.952
548,299.0301
549,299.0842
550,299.0842
551,299.2154
552,299.2244
553,299.2565
554,299.3517
555,299.3517
556,299.4148
557,299.4638
558,299.4638
559,299.558
560,299.571
561,299.5901
562,299.6762
563,299.6762
564,299.7123
565,299.7533
566,299.7533
567,299.8084
568,299.8215
569,299.8275
570,299.8715
571,299.8715
572,299.8896
573,299.9146
574,299.9146
575,299.9437
576,299.9537
577,299.9537
578,299.9747
579,299.9747
580,299.9918
581,300.0198
582,300.0198
583,300.0488
584,300.0649
585,300.0649
586,300.1059
587,300.109
588,300.12
589,300.154
590,300.154
591,300.1831
592,300.2011
593,300.2011
594,300.2352
595,300.2372
596,300.2452
597,300.2832
598,300.2832
599,300.3113
600,300.3383
601,300.3383
602,300.3674
603,300.3744
604,300.3814
605,300.4315
606,300.4315
607,300.4475
608,300.4676
609,300.4676
610,300.4996
611,300.5096
612,300.5116
613,300.5487
614,300.5487
615,300.5707
616,300.6018
617,300.6018
618,300.6339
619,300.6479
620,300.6479
621,300.704
622,300.704
623,300.713
624,300.735
625,300.735
626,300.7641
627,300.7821
628,300.7821
629,300.8282
630,300.8312
631,300.8392
632,300.8622
633,300.8622
634,300.8943
635,300.9253
636,300.9253
637,300.9704
638,300.9764
639,300.9845
640,301.0225
641,301.0225
642,301.0446
643,301.0656
644,301.0656
645,301.0976
646,301.1077
647,301.1137
648,301.1567
649,301.1567
650,301.1688
651,301.1868
652,301.1868
653,301.2219
654,301.2379
655,301.2399
656,301.278
657,301.278
658,301.292
659,301.319
660,301.319
661,301.3561
662,301.3761
663,301.3761
664,301.4002
665,301.4012
666,301.4082
667,301.4312
668,301.4312
669,301.4543
670,301.4723
671,301.4723
672,301.4963
673,301.4993
674,301.5073
675,301.5324
676,301.5324
677,301.5544
678,301.5765
679,301.5765
680,301.5925
681,301.5955
682,301.5985
683,301.6215
684,301.6215
685,301.6386
686,301.6596
687,301.6596
688,301.6736
689,301.6786
690,301.6796
691,301.6987
692,301.6987
693,301.7017
694,301.7077
695,301.7077
696,301.7387
697,301.7528
698,301.7528
699,301.7808
700,301.7808
701,301.7938
702,301.8229
703,301.8229
704,301.8409
705,301.8529
706,301.8529
707,301.889
708,301.894
709,301.903
710,301.9321
711,301.9321
712,301.9591
713,301.9802
714,301.9802
715,302.0072
716,302.0112
717,302.0152
718,302.0473
719,302.0473
720,302.0563
721,302.0663
722,302.0663
723,302.0944
724,302.1034
725,302.1054
726,302.1334
727,302.1334
728,302.1414
729,302.1525
730,302.1525
731,302.1735
732,302.1825
733,302.1835
734,302.1975
735,302.1975
736,302.2045
737,302.2166
738,302.2166
739,302.2286
740,302.2336
741,302.2336
742,302.2506
743,302.2516
744,302.2536
745,302.2586
746,302.2586
747,302.2697
748,302.2767
749,302.2767
750,302.2817
751,302.2827
752,302.2867
753,302.3017
754,302.3017
755,302.3047
756,302.3087
757,302.3087
758,302.3117
759,302.3127
760,302.3147
761,302.3278
762,302.3278
763,302.3328
764,302.3408
765,302.3408
766,302.3388
767,302.3388
768,302.3398
769,302.3548
770,302.3548
771,302.3538
772,302.3518
773,302.3518
774,302.3698
775,302.3798
776,302.3798
777,302.3728
778,302.3728
779,302.3778
780,302.3909
781,302.3909
782,302.3949
783,302.3979
784,302.3979
785,302.4049
786,302.4049
787,302.4059
788,302.4099
789,302.4099
790,302.4119
791,302.4129
792,302.4129
793,302.4099
794,302.4099
795,302.4129
796,302.4249
797,302.4249
798,302.4309
799,302.4359
800,302.4359
801,302.4429
802,302.445
803,302.445
804,302.4419
805,302.4419
806,302.45
807,302.464
808,302.464
809,302.469
810,302.472
811,302.472
812,302.474
813,302.474
814,302.476
815,302.479
816,302.479
817,302.485
818,302.488
819,302.488
820,302.501
821,302.501
822,302.501
823,302.499
824,302.499
825,302.5131
826,302.5221
827,302.5221
828,302.5281
829,302.5291
830,302.5331
831,302.5491
832,302.5491
833,302.5461
834,302.5431
835,302.5431
836,302.5471
837,302.5481
838,302.5491
839,302.5581
840,302.5581
841,302.5622
842,302.5672
843,302.5672
844,302.5682
845,302.5692
846,302.5702
847,302.5922
848,302.5922
849,302.5972
850,302.6072
851,302.6072
852,302.6122
853,302.6152
854,302.6152
855,302.6122
856,302.6122
857,302.6162
858,302.6243
859,302.6243
860,302.6233
861,302.6223
862,302.6223
863,302.6253
864,302.6253
865,302.6283
866,302.6393
867,302.6393
868,302.6433
869,302.6483
870,302.6483
871,302.6563
872,302.6583
873,302.6603
874,302.6713
875,302.6713
876,302.6723
877,302.6743
878,302.6743
879,302.6753
880,302.6753
881,302.6763
882,302.6904
883,302.6904
884,302.6934
885,302.6974
886,302.6974
887,302.6964
888,302.6954
889,302.6954
890,302.6964
891,302.6964
892,302.7014
893,302.7094
894,302.7094
895,302.7074
896,302.7054
897,302.7054
898,302.7104
899,302.7104
900,302.7124
901,302.7184
902,302.7184
903,302.7214
904,302.7234
905,302.7234
906,302.7244
907,302.7244
908,302.7234
909,302.7214
910,302.7214
911,302.7224
912,302.7244
913,302.7244
914,302.7344
915,302.7375
916,302.7365
917,302.7244
918,302.7244
919,302.7244
920,302.7254
921,302.7254
922,302.7234
923,302.7224
924,302.7224
925,302.7264
926,302.7264
927,302.7244
928,302.7204
929,302.7204
930,302.7324
931,302.7375
932,302.7375
933,302.7304
934,302.7304
935,302.7314
936,302.7324
937,302.7324
938,302.7405
939,302.7465
940,302.7465
941,302.7525
942,302.7525
943,302.7515
944,302.7495
945,302.7495
946,302.7475
947,302.7465
948,302.7465
949,302.7525
950,302.7535
951,302.7545
952,302.7645
953,302.7645
954,302.7645
955,302.7635
956,302.7635
957,302.7655
958,302.7665
959,302.7665
960,302.7715
961,302.7715
962,302.7715
963,302.7715
964,302.7715
965,302.7765
966,302.7785
967,302.7785
968,302.7835
969,302.7835
970,302.7845
971,302.7875
972,302.7875
973,302.7815
974,302.7785
975,302.7785
976,302.7865
977,302.7875
978,302.7855
979,302.7805
980,302.7805
981,302.7895
982,302.7966
983,302.7966
984,302.7885
985,302.7875
986,302.7875
987,302.7885
988,302.7885
989,302.7935
990,302.7986
991,302.7986
992,302.8006
993,302.8016
994,302.7996
995,302.7865
996,302.7865
997,302.7956
998,302.8076
999,302.8076
1000,302.8006
1001,302.7976
1002,302.7976
1003,302.8026
1004,302.8026
1005,302.8066
1006,302.8146
1007,302.8146
1008,302.8056
1009,302.8006
1010,302.8006
1011,302.8146
1012,302.8156
1013,302.8156
1014,302.8156
1015,302.8156
1016,302.8086
1017,302.8036
1018,302.8036
1019,302.8106
1020,302.8116
1021,302.8106
1022,302.8076
1023,302.8076
1024,302.8036
1025,302.7986
1026,302.7986
1027,302.8056
1028,302.8066
1029,302.8056
1030,302.7986
1031,302.7986
1032,302.8016
1033,302.8056
1034,302.8056
1035,302.8006
1036,302.7986
1037,302.7996
1038,302.8156
1039,302.8156
1040,302.8116
1041,302.8056
1042,302.8056
1043,302.8186
1044,302.8256
1045,302.8256
1046,302.8286
1047,302.8286
1048,302.8276
1049,302.8246
1050,302.8246
1051,302.8256
1052,302.8266
1053,302.8266
1054,302.8276
1055,302.8276
1056,302.8286
1057,302.8306
1058,302.8306
1059,302.8306
1060,302.8306
1061,302.8306
1062,302.8266
1063,302.8256
1064,302.8276
1065,302.8406
1066,302.8406
1067,302.8356
1068,302.8306
1069,302.8306
1070,302.8306
1071,302.8306
1072,302.8306
1073,302.8366
1074,302.8366
1075,302.8396
1076,302.8446
1077,302.8446
1078,302.8426
1079,302.8426
1080,302.8426
1081,302.8476
1082,302.8476
1083,302.8446
1084,302.8366
1085,302.8366
1086,302.8386
1087,302.8396
1088,302.8396
1089,302.8396
1090,302.8396
1091,302.8416
1092,302.8486
1093,302.8486
1094,302.8516
1095,302.8537
1096,302.8537
1097,302.8486
1098,302.8476
1099,302.8506
1100,302.8627
1101,302.8627
1102,302.8587
1103,302.8547
1104,302.8547
1105,302.8637
1106,302.8657
1107,302.8657
1108,302.8637
1109,302.8637
1110,302.8617
1111,302.8587
1112,302.8587
1113,302.8607
1114,302.8617
1115,302.8627
1116,302.8717
1117,302.8717
1118,302.8677
1119,302.8617
1120,302.8617
1121,302.8637
1122,302.8647
1123,302.8647
1124,302.8637
1125,302.8637
1126,302.8667
1127,302.8747
1128,302.8747
1129,302.8737
1130,302.8727
1131,302.8727
1132,302.8637
1133,302.8627
1134,302.8637
1135,302.8657
1136,302.8657
1137,302.8677
1138,302.8697
1139,302.8697
1140,302.8697
1141,302.8697
1142,302.8687
1143,302.8627
1144,302.8627
1145,302.8667
1146,302.8707
1147,302.8707
1148,302.8687
1149,302.8687
1150,302.8687
1151,302.8677
1152,302.8677
1153,302.8737
1154,302.8827
1155,302.8827
1156,302.8657
1157,302.8577
1158,302.8577
1159,302.8777
1160,302.8777
1161,302.8747
1162,302.8667
1163,302.8667
1164,302.8687
1165,302.8707
1166,302.8707
1167,302.8697
1168,302.8697
1169,302.8717
1170,302.8787
1171,302.8787
1172,302.8777
1173,302.8767
1174,302.8767
1175,302.8857
1176,302.8867
1177,302.8867
1178,302.8847
1179,302.8847
1180,302.8807
1181,302.8767
1182,302.8767
1183,302.8887
1184,302.8917
1185,302.8917
1186,302.8857
1187,302.8857
1188,302.8897
1189,302.8957
1190,302.8957
1191,302.9027
1192,302.9047
1193,302.9047
1194,302.9097
1195,302.9097
1196,302.9087
1197,302.9057
1198,302.9057
1199,302.9067
1200,302.9067
1201,302.9067
1202,302.9118
1203,302.9118
1204,302.9108
1205,302.9077
1206,302.9077
1207,302.9097
1208,302.9118
1209,302.9118
1210,302.9118
1211,302.9118
1212,302.9148
1213,302.9248
1214,302.9248
1215,302.9268
1216,302.9278
1217,302.9278
1218,302.9268
1219,302.9268
1220,302.9258
1221,302.9238
1222,302.9238
1223,302.9278
1224,302.9318
1225,302.9318
1226,302.9308
1227,302.9308
1228,302.9308
1229,302.9358
1230,302.9358
1231,302.9358
1232,302.9348
1233,302.9348
1234,302.9298
1235,302.9278
1236,302.9278
1237,302.9358
1238,302.9358
1239,302.9378
1240,302.9408
1241,302.9408
1242,302.9438
1243,302.9458
1244,302.9458
1245,302.9398
1246,302.9398
1247,302.9438
1248,302.9538
1249,302.9538
1250,302.9508
1251,302.9488
1252,302.9488
1253,302.9498
1254,302.9498
1255,302.9508
1256,302.9558
1257,302.9558
1258,302.9528
1259,302.9498
1260,302.9498
1261,302.9488
1262,302.9488
1263,302.9508
1264,302.9658
1265,302.9658
1266,302.9699
1267,302.9749
1268,302.9749
1269,302.9668
1270,302.9628
1271,302.9628
1272,302.9568
1273,302.9568
1274,302.9538
1275,302.9478
1276,302.9478
1277,302.9608
1278,302.9678
1279,302.9678
1280,302.9538
1281,302.9538
1282,302.9568
1283,302.9638
1284,302.9638
1285,302.9658
1286,302.9678
1287,302.9678
1288,302.9648
1289,302.9648
1290,302.9668
1291,302.9749
1292,302.9749
1293,302.9678
1294,302.9608
1295,302.9608
1296,302.9699
1297,302.9719
1298,302.9729
1299,302.9829
1300,302.9829
1301,302.9769
1302,302.9699
1303,302.9699
1304,302.9749
1305,302.9769
1306,302.9769
1307,302.9719
1308,302.9719
1309,302.9769
1310,302.9849
1311,302.9849
1312,302.9819
1313,302.9809
1314,302.9809
1315,302.9809
1316,302.9809
1317,302.9789
1318,302.9759
1319,302.9759
1320,302.9819
1321,302.9849
1322,302.9849
1323,302.9799
1324,302.9799
1325,302.9799
1326,302.9789
1327,302.9789
1328,302.9819
1329,302.9849
1330,302.9849
1331,302.9809
1332,302.9799
1333,302.9809
1334,302.9869
1335,302.9869
1336,302.9829
1337,302.9779
1338,302.9779
1339,302.9849
1340,302.9869
1341,302.9859
1342,302.9759
1343,302.9759
1344,302.9779
1345,302.9809
1346,302.9809
1347,302.9789
1348,302.9779
1349,302.9779
1350,302.9789
1351,302.9789
1352,302.9799
1353,302.9819
1354,302.9819
1355,302.9829
1356,302.9839
1357,302.9839
1358,302.9799
1359,302.9799
1360,302.9819
1361,302.9879
1362,302.9879
1363,302.9849
1364,302.9829
1365,302.9829
1366,302.9789
1367,302.9779
1368,302.9799
1369,302.9849
1370,302.9849
1371,302.9889
1372,302.9919
1373,302.9919
1374,302.9909
1375,302.9909
1376,302.9909
1377,302.9949
1378,302.9949
1379,302.9899
1380,302.9819
1381,302.9819
1382,302.9909
1383,302.9939
1384,302.9939
1385,302.9939
1386,302.9939
1387,302.9889
1388,302.9819
1389,302.9819
1390,302.9869
1391,302.9889
1392,302.9889
1393,302.9889
1394,302.9889
1395,302.9909
1396,302.9939
1397,302.9939
1398,302.9929
1399,302.9919
1400,302.9919
1401,302.9889
1402,302.9889
1403,302.9899
1404,302.9949
1405,302.9949
1406,302.9949
1407,302.9949
1408,302.9949
1409,302.9929
1410,302.9919
1411,302.9909
1412,302.9839
1413,302.9839
1414,302.9899
1415,302.9979
1416,302.9979
1417,302.9969
1418,302.9969
1419,302.9969
1420,302.9969
1421,302.9969
1422,302.9989
1423,303.0029
1424,303.0029
1425,303.0039
1426,303.0039
1427,303.0039
1428,303.0049
1429,303.0049
1430,303.0049
1431,303.0039
1432,303.0039
1433,302.9999
1434,302.9969
1435,302.9969
1436,303.0039
1437,303.0039
1438,302.9999
1439,302.9889
1440,302.9889
1441,302.9929
1442,302.9969
1443,302.9969
1444,303.0049
1445,303.0059
1446,303.0029
1447,302.9919
1448,302.9919
1449,302.9929
1450,302.9939
1451,302.9939
1452,302.9909
1453,302.9909
1454,302.9919
1455,303.0019
1456,303.0019
1457,302.9979
1458,302.9919
1459,302.9919
1460,302.9889
1461,302.9879
1462,302.9879
1463,302.9859
1464,302.9859
1465,302.9869
1466,302.9889
1467,302.9889
1468,302.9939
1469,302.9959
1470,302.9959
1471,303.0009
1472,303.0009
1473,302.9979
1474,302.9919
1475,302.9919
1476,302.9969
1477,302.9999
1478,302.9999
1479,302.9959
1480,302.9959
1481,302.9969
1482,303.0009
1483,303.0009
1484,303.0029
1485,303.0049
1486,303.0049
1487,302.9969
1488,302.9949
1489,302.9949
1490,302.9979
1491,302.9979
1492,303.0039
1493,303.0119
1494,303.0119
1495,303.0079
1496,303.0069
1497,303.0059
1498,303.0019
1499,303.0019
1500,302.9969
1501,302.9909
1502,302.9909
1503,302.9939
1504,302.9959
1505,302.9959
1506,303.0079
1507,303.0079
1508,303.0079
1509,303.0079
1510,303.0079
1511,303.0039
1512,303.0019
1513,303.0019
1514,302.9999
1515,302.9999
1516,303.0029
1517,303.0099
1518,303.0099
1519,302.9999
1520,302.9929
1521,302.9929
1522,302.9969
1523,302.9969
1524,302.9989
1525,303.0069
1526,303.0069
1527,303.0029
1528,302.9979
1529,302.9979
1530,302.9969
1531,302.9969
1532,302.9959
1533,302.9879
1534,302.9879
1535,302.9879
1536,302.9879
1537,302.9879
1538,302.9969
1539,303.0009
1540,303.0009
1541,302.9969
1542,302.9969
1543,302.9979
1544,302.9989
1545,302.9989
1546,302.9999
1547,302.9999
1548,302.9999
1549,303.0049
1550,303.0049
1551,303.0039
1552,303.0029
1553,303.0029
1554,303.0059
1555,303.0079
1556,303.0079
1557,303.0069
1558,303.0069
1559,303.0049
1560,302.9989
1561,302.9989
1562,303.0039
1563,303.0079
1564,303.0079
1565,303.0059
1566,303.0059
1567,303.0059
1568,303.0039
1569,303.0039
1570,303.0059
1571,303.0079
1572,303.0079
1573,303.0089
1574,303.0089
1575,303.0089
1576,303.0089
1577,303.0089
1578,303.0099
1579,303.0129
1580,303.0129
1581,303.0089
1582,303.0079
1583,303.0079
1584,303.0069
1585,303.0069
1586,303.0069
1587,303.0079
1588,303.0079
1589,303.0049
1590,303.0039
1591,303.0039
1592,303.0099
1593,303.0109
1594,303.0099
1595,303.0079
1596,303.0079
1597,303.0029
1598,302.9999
1599,302.9999
1600,303.0079
1601,303.0099
1602,303.0099
1603,303.0099
1604,303.0099
1605,303.0089
1606,303.0069
1607,303.0069
1608,303.0079
1609,303.0079
1610,303.0079
1611,303.0039
1612,303.0039
1613,303.0029
1614,303.0019
1615,303.0019
1616,303.0049
1617,303.0059
1618,303.0059
1619,302.9969
1620,302.9969
1621,302.9969
1622,302.9979
1623,302.9979
1624,302.9999
1625,303.0009
1626,303.0009
1627,302.9999
1628,302.9999
1629,302.9999
1630,302.9989
1631,302.9989
1632,302.9959
1633,302.9939
1634,302.9939
1635,303.0069
1636,303.0089
1637,303.0079
1638,303.0029
1639,303.0029
1640,303.0019
1641,303.0009
1642,303.0009
1643,303.0029
1644,303.0039
1645,303.0039
1646,303.0029
1647,303.0029
1648,303.0009
1649,302.9979
1650,302.9979
1651,303.0059
1652,303.0089
1653,303.0089
1654,303.0039
1655,303.0039
1656,303.0069
1657,303.0119
1658,303.0119
1659,303.0039
1660,303.0009
1661,303.0009
1662,303.0029
1663,303.0029
1664,303.0029
1665,303.0039
1666,303.0039
1667,303.0049
1668,303.0059
1669,303.0059
1670,303.0079
1671,303.0079
1672,303.0069
1673,303.0039
1674,303.0039
1675,303.0059
1676,303.0069
1677,303.0069
1678,303.0069
1679,303.0069
1680,303.0069
1681,303.0079
1682,303.0079
1683,303.0049
1684,303.0019
1685,303.0019
1686,303.0049
1687,303.0059
1688,303.0059
1689,303.0019
1690,303.0019
1691,303.0029
1692,303.0059
1693,303.0059
1694,303.0009
1695,302.9989
1696,302.9999
1697,303.0079
1698,303.0079
1699,303.0069
1700,303.0059
1701,303.0059
1702,303.0019
1703,302.9999
1704,302.9999
1705,303.0089
1706,303.0099
1707,303.0109
1708,303.0129
1709,303.0129
1710,303.0049
1711,302.9999
1712,302.9999
1713,303.0089
1714,303.0099
1715,303.0109
1716,303.0129
1717,303.0129
1718,303.0099
1719,303.0069
1720,303.0069
1721,303.0159
1722,303.0179
1723,303.0169
1724,303.0089
1725,303.0089
1726,303.0079
1727,303.0059
1728,303.0059
1729,303.0109
1730,303.0129
1731,303.0129
1732,303.0089
1733,303.0089
1734,303.0089
1735,303.0079
1736,303.0079
1737,303.0139
1738,303.0159
1739,303.0159
1740,303.0149
1741,303.0149
1742,303.0109
1743,303.0029
1744,303.0029
1745,303.0079
1746,303.0119
1747,303.0119
1748,303.0209
1749,303.0219
1750,303.0199
1751,303.0149
1752,303.0149
1753,303.0129
1754,303.0119
1755,303.0119
1756,303.0139
1757,303.0149
1758,303.0159
1759,303.0249
1760,303.0249
1761,303.0199
1762,303.0129
1763,303.0129
1764,303.0149
1765,303.0149
1766,303.0149
1767,303.0109
1768,303.0109
1769,303.0149
1770,303.0219
1771,303.0219
1772,303.0149
1773,303.0119
1774,303.0119
1775,303.032
1776,303.032
1777,303.0239
1778,303.0119
1779,303.0119
1780,303.0129
1781,303.0139
1782,303.0139
1783,303.0229
1784,303.0229
1785,303.0219
1786,303.0169
1787,303.0169
1788,303.0159
1789,303.0149
1790,303.0149
1791,303.0189
1792,303.0199
1793,303.0189
1794,303.0159
1795,303.0159
1796,303.0179
1797,303.0199
1798,303.0199
1799,303.0209
1800,303.0209
1801,303.0199
1802,303.0149
1803,303.0149
1804,303.0149
1805,303.0149
1806,303.0149
1807,303.0229
1808,303.0259
1809,303.0259
1810,303.031
1811,303.031
1812,303.029
1813,303.0249
1814,303.0249
1815,303.0219
1816,303.0209
1817,303.0209
1818,303.0139
1819,303.0139
1820,303.0169
1821,303.0239
1822,303.0239
1823,303.0179
1824,303.0129
1825,303.0129
1826,303.0219
1827,303.0229
1828,303.0229
1829,303.0219
1830,303.0219
1831,303.0209
1832,303.0199
1833,303.0199
1834,303.0209
1835,303.0209
1836,303.0199
1837,303.0129
1838,303.0129
1839,303.0189
1840,303.0259
1841,303.0259
1842,303.0159
1843,303.0129
1844,303.0129
1845,303.0169
1846,303.0169
1847,303.0219
1848,303.03
1849,303.03
1850,303.0229
1851,303.0199
1852,303.0199
1853,303.0179
1854,303.0179
1855,303.0179
1856,303.0189
1857,303.0189
1858,303.0209
1859,303.0219
1860,303.0219
1861,303.0189
1862,303.0189
1863,303.0189
1864,303.0169
1865,303.0169
1866,303.0189
1867,303.0209
1868,303.0209
1869,303.0239
1870,303.0239
1871,303.0219
1872,303.0099
1873,303.0099
1874,303.0149
1875,303.0199
1876,303.0199
1877,303.0179
1878,303.0179
1879,303.0169
1880,302.9999
1881,302.9999
1882,303.0069
1883,303.0159
1884,303.0159
1885,303.0119
1886,303.0109
1887,303.0109
1888,303.0059
1889,303.0059
1890,303.0089
1891,303.0139
1892,303.0139
1893,303.0149
1894,303.0149
1895,303.0149
1896,303.0269
1897,303.028
1898,303.0239
1899,303.0129
1900,303.0129
1901,303.0139
1902,303.0139
1903,303.0139
1904,303.0119
1905,303.0119
1906,303.0139
1907,303.0229
1908,303.0229
1909,303.0169
1910,303.0119
1911,303.0119
1912,303.0089
1913,303.0079
1914,303.0069
1915,303.0039
1916,303.0039
1917,303.0089
1918,303.0159
1919,303.0159
1920,303.0129
1921,303.0119
1922,303.0109
1923,303.0019
1924,303.0019
1925,303.0009
1926,302.9989
1927,302.9989
1928,303.0099
1929,303.0149
1930,303.0149
1931,303.0029
1932,303.0029
1933,303.0049
1934,303.0089
1935,303.0089
1936,303.0059
1937,303.0039
1938,303.0039
1939,303.0019
1940,303.0019
1941,303.0049
1942,303.0149
1943,303.0149
1944,303.0079
1945,303.0019
1946,303.0019
1947,302.9989
1948,302.9979
1949,302.9999
1950,303.0109
1951,303.0109
1952,303.0089
1953,303.0059
1954,303.0059
1955,303.0129
1956,303.0149
1957,303.0139
1958,303.0069
1959,303.0069
1960,303.0089
1961,303.0109
1962,303.0109
1963,303.0159
1964,303.0179
1965,303.0179
1966,303.0099
1967,303.0099
1968,303.0099
1969,303.0099
1970,303.0099
1971,303.0069
1972,303.0059
1973,303.0059
1974,303.0099
1975,303.0099
1976,303.0099
1977,303.0089
1978,303.0089
1979,303.0169
1980,303.0219
1981,303.0219
1982,303.0109
1983,303.0099
1984,303.0079
1985,303.0009
1986,303.0009
1987,303.0039
1988,303.0079
1989,303.0079
1990,303.0059
1991,303.0059
1992,303.0059
1993,303.0089
1994,303.0089
1995,303.0089
1996,303.0079
1997,303.0079
1998,303.0079
1999,303.0079
2000,303.0079
2001,303.0089
2002,303.0089
2003,303.0089
2004,303.0089
2005,303.0089
2006,303.0059
2007,303.0039
2008,303.0039
2009,303.0119
2010,303.0119
2011,303.0129
2012,303.0139
2013,303.0139
2014,303.0129
2015,303.0119
2016,303.0119
2017,303.0089
2018,303.0089
2019,303.0099
2020,303.0149
2021,303.0149
2022,303.0139
2023,303.0129
2024,303.0129
2025,303.0169
2026,303.0169
2027,303.0169
2028,303.0149
2029,303.0149
2030,303.0119
2031,303.0099
2032,303.0099
2033,303.0119
2034,303.0129
2035,303.0129
2036,303.0079
2037,303.0079
2038,303.0109
2039,303.0169
2040,303.0169
2041,303.0059
2042,303.0019
2043,303.0019
2044,303.0119
2045,303.0119
2046,303.0109
2047,303.0099
2048,303.0099
2049,303.0049
2050,303.0029
2051,303.0029
2052,303.0079
2053,303.0079
2054,303.0099
2055,303.0169
2056,303.0169
2057,303.0119
2058,303.0079
2059,303.0079
2060,303.0119
2061,303.0119
2062,303.0139
2063,303.0229
2064,303.0229
2065,303.0189
2066,303.0139
2067,303.0139
2068,303.0119
2069,303.0119
2070,303.0119
2071,303.0109
2072,303.0109
2073,303.0119
2074,303.0139
2075,303.0139
2076,303.0179
2077,303.0189
2078,303.0189
2079,303.0119
2080,303.0119
2081,303.0109
2082,303.0089
2083,303.0089
2084,303.0179
2085,303.0219
2086,303.0219
2087,303.0069
2088,303.0059
2089,303.0119
2090,303.0249
2091,303.0249
2092,303.0169
2093,303.0109
2094,303.0109
2095,303.0089
2096,303.0089
2097,303.0099
2098,303.0119
2099,303.0119
2100,303.0129
2101,303.0129
2102,303.0129
2103,303.0109
2104,303.0109
2105,303.0109
2106,303.0109
2107,303.0109
2108,303.0109
2109,303.0109
2110,303.0109
2111,303.0089
2112,303.0079
2113,303.0079
2114,303.0009
2115,303.0009
2116,303.0029
2117,303.0059
2118,303.0059
2119,303.0019
2120,303.0009
2121,303.0009
2122,303.0149
2123,303.0149
2124,303.0139
2125,303.0109
2126,303.0109
2127,303.0109
2128,303.0109
2129,303.0109
2130,303.0069
2131,303.0069
2132,303.0089
2133,303.0139
2134,303.0139
2135,303.0119
2136,303.0109
2137,303.0109
2138,303.0069
2139,303.0069
2140,303.0069
2141,303.0079
2142,303.0079
2143,303.0089
2144,303.0089
2145,303.0089
2146,303.0019
2147,302.9999
2148,303.0009
2149,303.0059
2150,303.0059
2151,303.0049
2152,303.0039
2153,303.0039
2154,303.0059
2155,303.0069
2156,303.0069
2157,303.0039
2158,303.0039
2159,303.0049
2160,303.0069
2161,303.0069
2162,303.0059
2163,303.0049
2164,303.0049
2165,303.0159
2166,303.0169
2167,303.0139
2168,303.0059
2169,303.0059
2170,303.0069
2171,303.0079
2172,303.0079
2173,303.0079
2174,303.0079
2175,303.0089
2176,303.0119
2177,303.0119
2178,303.0119
2179,303.0119
2180,303.0119
2181,303.0039
2182,303.0019
2183,303.0029
2184,303.0129
2185,303.0129
2186,303.0079
2187,303.0019
2188,303.0019
2189,303.0029
2190,303.0039
2191,303.0039
2192,303.0099
2193,303.0099
2194,303.0099
2195,303.0109
2196,303.0109
2197,303.0139
2198,303.0159
2199,303.0159
2200,303.0069
2201,303.0069
2202,303.0049
2203,303.0019
2204,303.0019
2205,303.0009
2206,302.9999
2207,302.9999
2208,303.0069
2209,303.0079
2210,303.0049
2211,302.9979
2212,302.9979
2213,303.0039
2214,303.0089
2215,303.0089
2216,303.0019
2217,302.9999
2218,303.0009
2219,303.0059
2220,303.0059
2221,303.0029
2222,302.9999
2223,302.9999
2224,302.9989
2225,302.9989
2226,302.9999
2227,303.0069
2228,303.0069
2229,303.0009
2230,302.9919
2231,302.9919
2232,302.9999
2233,303.0029
2234,303.0019
2235,302.9939
2236,302.9939
2237,302.9949
2238,302.9959
2239,302.9959
2240,302.9949
2241,302.9939
2242,302.9939
2243,302.9999
2244,302.9999
2245,302.9979
2246,302.9929
2247,302.9929
2248,302.9949
2249,302.9959
2250,302.9959
2251,302.9909
2252,302.9899
2253,302.9919
2254,303.0009
2255,303.0009
2256,302.9989
2257,302.9969
2258,302.9969
2259,302.9939
2260,302.9929
2261,302.9939
2262,302.9979
2263,302.9979
2264,303.0009
2265,303.0049
2266,303.0049
2267,302.9979
2268,302.9949
2269,302.9949
2270,302.9959
2271,302.9959
2272,302.9959
2273,302.9959
2274,302.9959
2275,302.9999
2276,303.0019
2277,303.0019
2278,302.9889
2279,302.9889
2280,302.9909
2281,302.9969
2282,302.9969
2283,302.9979
2284,302.9989
2285,302.9989
2286,302.9939
2287,302.9939
2288,302.9939
2289,302.9929
2290,302.9929
2291,302.9909
2292,302.9889
2293,302.9889
2294,302.9919
2295,302.9929
2296,302.9919
2297,302.9899
2298,302.9899
2299,302.9919
2300,302.9949
2301,302.9949
2302,302.9929
2303,302.9919
2304,302.9919
2305,302.9919
2306,302.9919
2307,302.9919
2308,302.9919
2309,302.9919
2310,302.9909
2311,302.9909
2312,302.9909
2313,302.9869
2314,302.9869
2315,302.9919
2316,302.9999
2317,302.9999
2318,302.9919
2319,302.9879
2320,302.9879
2321,302.9899
2322,302.9899
2323,302.9909
2324,302.9959
2325,302.9959
2326,302.9969
2327,302.9969
2328,302.9969
2329,302.9879
2330,302.9869
2331,302.9879
2332,302.9899
2333,302.9899
2334,302.9879
2335,302.9859
2336,302.9859
2337,302.9919
2338,302.9929
2339,302.9909
2340,302.9779
2341,302.9779
2342,302.9829
2343,302.9909
2344,302.9909
2345,302.9799
2346,302.9759
2347,302.9769
2348,302.9859
2349,302.9859
2350,302.9839
2351,302.9799
2352,302.9799
2353,302.9809
2354,302.9809
2355,302.9809
2356,302.9799
2357,302.9799
2358,302.9799
2359,302.9789
2360,302.9789
2361,302.9779
2362,302.9769
2363,302.9769
2364,302.9849
2365,302.9849
2366,302.9839
2367,302.9799
2368,302.9799
2369,302.9829
2370,302.9849
2371,302.9849
2372,302.9769
2373,302.9749
2374,302.9769
2375,302.9839
2376,302.9839
2377,302.9799
2378,302.9749
2379,302.9749
2380,302.9779
2381,302.9789
2382,302.9799
2383,302.9839
2384,302.9839
2385,302.9779
2386,302.9689
2387,302.9689
2388,302.9759
2389,302.9789
2390,302.9789
2391,302.9668
2392,302.9668
2393,302.9689
2394,302.9739
2395,302.9739
2396,302.9678
2397,302.9648
2398,302.9648
2399,302.9678
2400,302.9678
2401,302.9689
2402,302.9719
2403,302.9719
2404,302.9678
2405,302.9658
2406,302.9658
2407,302.9678
2408,302.9678
2409,302.9689
2410,302.9739
2411,302.9739
2412,302.9709
2413,302.9678
2414,302.9678
2415,302.9689
2416,302.9689
2417,302.9678
2418,302.9638
2419,302.9638
2420,302.9638
2421,302.9648
2422,302.9648
2423,302.9709
2424,302.9729
2425,302.9719
2426,302.9628
2427,302.9628
2428,302.9648
2429,302.9689
2430,302.9689
2431,302.9628
2432,302.9598
2433,302.9598
2434,302.9608
2435,302.9608
2436,302.9638
2437,302.9719
2438,302.9719
2439,302.9658
2440,302.9618
2441,302.9618
2442,302.9709
2443,302.9719
2444,302.9719
2445,302.9719
2446,302.9719
2447,302.9618
2448,302.9528
2449,302.9528
2450,302.9618
2451,302.9628
2452,302.9648
2453,302.9799
2454,302.9799
2455,302.9719
2456,302.9608
2457,302.9608
2458,302.9618
2459,302.9618
2460,302.9618
2461,302.9658
2462,302.9658
2463,302.9608
2464,302.9538
2465,302.9538
2466,302.9618
2467,302.9648
2468,302.9648
2469,302.9578
2470,302.9578
2471,302.9588
2472,302.9598
2473,302.9598
2474,302.9608
2475,302.9608
2476,302.9608
2477,302.9608
2478,302.9608
2479,302.9618
2480,302.9638
2481,302.9638
2482,302.9598
2483,302.9568
2484,302.9568
2485,302.9558
2486,302.9558
2487,302.9558
2488,302.9558
2489,302.9558
2490,302.9578
2491,302.9598
2492,302.9598
2493,302.9538
2494,302.9518
2495,302.9518
2496,302.9498
2497,302.9498
2498,302.9558
2499,302.9628
2500,302.9628
2501,302.9498
2502,302.9438
2503,302.9438
2504,302.9608
2505,302.9608
2506,302.9548
2507,302.9438
2508,302.9438
2509,302.9518
2510,302.9548
2511,302.9548
2512,302.9448
2513,302.9448
2514,302.9448
2515,302.9458
2516,302.9458
2517,302.9528
2518,302.9578
2519,302.9578
2520,302.9448
2521,302.9428
2522,302.9448
2523,302.9538
2524,302.9538
2525,302.9508
2526,302.9468
2527,302.9468
2528,302.9498
2529,302.9508
2530,302.9518
2531,302.9628
2532,302.9628
2533,302.9548
2534,302.9458
2535,302.9458
2536,302.9468
2537,302.9468
2538,302.9468
2539,302.9508
2540,302.9508
2541,302.9478
2542,302.9418
2543,302.9418
2544,302.9428
2545,302.9428
2546,302.9428
2547,302.9458
2548,302.9458
2549,302.9448
2550,302.9418
2551,302.9418
2552,302.9438
2553,302.9448
2554,302.9448
2555,302.9418
2556,302.9418
2557,302.9428
2558,302.9458
2559,302.9458
2560,302.9478
2561,302.9488
2562,302.9488
2563,302.9448
2564,302.9438
2565,302.9428
2566,302.9378
2567,302.9378
2568,302.9368
2569,302.9348
2570,302.9348
2571,302.9458
2572,302.9488
2573,302.9488
2574,302.9488
2575,302.9488
2576,302.9498
2577,302.9508
2578,302.9508
2579,302.9448
2580,302.9428
2581,302.9428
2582,302.9388
2583,302.9388
2584,302.9388
2585,302.9388
2586,302.9388
2587,302.9358
2588,302.9348
2589,302.9348
2590,302.9398
2591,302.9398
2592,302.9398
2593,302.9408
2594,302.9408
2595,302.9458
2596,302.9498
2597,302.9498
2598,302.9398
2599,302.9388
2600,302.9388
2601,302.9388
2602,302.9388
2603,302.9338
2604,302.9288
2605,302.9288
2606,302.9408
2607,302.9428
2608,302.9418
2609,302.9338
2610,302.9338
2611,302.9358
2612,302.9398
2613,302.9398
2614,302.9388
2615,302.9388
2616,302.9398
2617,302.9518
2618,302.9518
2619,302.9468
2620,302.9368
2621,302.9368
2622,302.9368
2623,302.9368
2624,302.9368
2625,302.9328
2626,302.9328
2627,302.9318
2628,302.9298
2629,302.9298
2630,302.9338
2631,302.9358
2632,302.9358
2633,302.9328
2634,302.9328
2635,302.9338
2636,302.9378
2637,302.9378
2638,302.9368
2639,302.9368
2640,302.9368
2641,302.9408
2642,302.9418
2643,302.9398
2644,302.9308
2645,302.9308
2646,302.9308
2647,302.9308
2648,302.9308
2649,302.9358
2650,302.9368
2651,302.9368
2652,302.9398
2653,302.9398
2654,302.9398
2655,302.9388
2656,302.9388
2657,302.9408
2658,302.9418
2659,302.9428
2660,302.9508
2661,302.9508
2662,302.9458
2663,302.9368
2664,302.9368
2665,302.9388
2666,302.9398
2667,302.9398
2668,302.9298
2669,302.9288
2670,302.9318
2671,302.9398
2672,302.9398
2673,302.9328
2674,302.9278
2675,302.9278
2676,302.9338
2677,302.9348
2678,302.9348
2679,302.9348
2680,302.9348
2681,302.9298
2682,302.9258
2683,302.9258
2684,302.9368
2685,302.9398
2686,302.9378
2687,302.9258
2688,302.9258
2689,302.9298
2690,302.9348
2691,302.9348
2692,302.9308
2693,302.9298
2694,302.9298
2695,302.9348
2696,302.9348
2697,302.9308
2698,302.9238
2699,302.9238
2700,302.9318
2701,302.9358
2702,302.9358
2703,302.9248
2704,302.9248
2705,302.9268
2706,302.9308
2707,302.9308
2708,302.9318
2709,302.9318
2710,302.9318
2711,302.9248
2712,302.9238
2713,302.9248
2714,302.9298
2715,302.9298
2716,302.9218
2717,302.9148
2718,302.9148
2719,302.9198
2720,302.9208
2721,302.9198
2722,302.9138
2723,302.9138
2724,302.9138
2725,302.9148
2726,302.9148
2727,302.9128
2728,302.9118
2729,302.9128
2730,302.9238
2731,302.9238
2732,302.9228
2733,302.9218
2734,302.9218
2735,302.9188
2736,302.9178
2737,302.9178
2738,302.9158
2739,302.9158
2740,302.9158
2741,302.9148
2742,302.9148
2743,302.9168
2744,302.9178
2745,302.9178
2746,302.9128
2747,302.9128
2748,302.9148
2749,302.9208
2750,302.9208
2751,302.9148
2752,302.9108
2753,302.9108
2754,302.9138
2755,302.9138
2756,302.9148
2757,302.9188
2758,302.9188
2759,302.9198
2760,302.9198
2761,302.9198
2762,302.9128
2763,302.9118
2764,302.9118
2765,302.9108
2766,302.9108
2767,302.9097
2768,302.9087
2769,302.9087
2770,302.9188
2771,302.9218
2772,302.9208
2773,302.9067
2774,302.9067
2775,302.9087
2776,302.9128
2777,302.9128
2778,302.9087
2779,302.9067
2780,302.9067
2781,302.8987
2782,302.8987
2783,302.9017
2784,302.9128
2785,302.9128
2786,302.9138
2787,302.9138
2788,302.9138
2789,302.9067
2790,302.9067
2791,302.9077
2792,302.9097
2793,302.9097
2794,302.9118
2795,302.9128
2796,302.9128
2797,302.9077
2798,302.9067
2799,302.9077
2800,302.9128
2801,302.9128
2802,302.9067
2803,302.9007
2804,302.9007
2805,302.9077
2806,302.9108
2807,302.9108
2808,302.9047
2809,302.9047
2810,302.9017
2811,302.8967
2812,302.8967
2813,302.9067
2814,302.9108
2815,302.9108
2816,302.8957
2817,302.8957
2818,302.8987
2819,302.9047
2820,302.9047
2821,302.9067
2822,302.9077
2823,302.9077
2824,302.9017
2825,302.9017
2826,302.8977
2827,302.8857
2828,302.8857
2829,302.8907
2830,302.8947
2831,302.8947
2832,302.8917
2833,302.8907
2834,302.8907
2835,302.8897
2836,302.8897
2837,302.8937
2838,302.8987
2839,302.8987
2840,302.8967
2841,302.8957
2842,302.8947
2843,302.8867
2844,302.8867
2845,302.8867
2846,302.8867
2847,302.8867
2848,302.8937
2849,302.8967
2850,302.8967
2851,302.8947
2852,302.8947
2853,302.8927
2854,302.8887
2855,302.8887
2856,302.8917
2857,302.8937
2858,302.8937
2859,302.8867
2860,302.8867
2861,302.8887
2862,302.8927
2863,302.8927
2864,302.8887
2865,302.8867
2866,302.8867
2867,302.8867
2868,302.8867
2869,302.8837
2870,302.8717
2871,302.8717
2872,302.8777
2873,302.8827
2874,302.8827
2875,302.8737
2876,302.8717
2877,302.8737
2878,302.8907
2879,302.8907
2880,302.8867
2881,302.8817
2882,302.8817
2883,302.8817
2884,302.8817
2885,302.8817
2886,302.8767
2887,302.8767
2888,302.8737
2889,302.8697
2890,302.8697
2891,302.8747
2892,302.8777
2893,302.8777
2894,302.8687
2895,302.8687
2896,302.8677
2897,302.8657
2898,302.8657
2899,302.8687
2900,302.8707
2901,302.8707
2902,302.8697
2903,302.8697
2904,302.8677
2905,302.8627
2906,302.8627
2907,302.8637
2908,302.8647
2909,302.8647
2910,302.8607
2911,302.8607
2912,302.8617
2913,302.8707
2914,302.8707
2915,302.8677
2916,302.8637
2917,302.8637
2918,302.8727
2919,302.8747
2920,302.8737
2921,302.8647
2922,302.8647
2923,302.8687
2924,302.8737
2925,302.8737
2926,302.8657
2927,302.8627
2928,302.8627
2929,302.8677
2930,302.8677
2931,302.8657
2932,302.8617
2933,302.8617
2934,302.8567
2935,302.8547
2936,302.8547
2937,302.8587
2938,302.8587
2939,302.8597
2940,302.8627
2941,302.8627
2942,302.8506
2943,302.8426
2944,302.8426
2945,302.8527
2946,302.8537
2947,302.8557
2948,302.8647
2949,302.8647
2950,302.8587
2951,302.8527
2952,302.8527
2953,302.8476
2954,302.8456
2955,302.8456
2956,302.8527
2957,302.8527
2958,302.8506
2959,302.8476
2960,302.8476
2961,302.8396
2962,302.8366
2963,302.8376
2964,302.8466
2965,302.8466
2966,302.8456
2967,302.8436
2968,302.8436
2969,302.8446
2970,302.8446
2971,302.8446
2972,302.8376
2973,302.8376
2974,302.8376
2975,302.8386
2976,302.8386
2977,302.8416
2978,302.8436
2979,302.8436
2980,302.8406
2981,302.8406
2982,302.8406
2983,302.8396
2984,302.8396
2985,302.8366
2986,302.8336
2987,302.8336
2988,302.8456
2989,302.8476
2990,302.8456
2991,302.8296
2992,302.8296
2993,302.8336
2994,302.8386
2995,302.8386
2996,302.8316
2997,302.8296
2998,302.8296
2999,302.8336
3000,302.8336
3001,302.8306
3002,302.8246
3003,302.8246
3004,302.8236
3005,302.8236
3006,302.8236
3007,302.8236
3008,302.8236
3009,302.8226
3010,302.8196
3011,302.8196
3012,302.8196
3013,302.8196
3014,302.8196
3015,302.8186
3016,302.8186
3017,302.8216
3018,302.8286
3019,302.8286
3020,302.8216
3021,302.8166
3022,302.8166
3023,302.8226
3024,302.8236
3025,302.8236
3026,302.8226
3027,302.8226
3028,302.8196
3029,302.8166
3030,302.8166
3031,302.8146
3032,302.8136
3033,302.8136
3034,302.8186
3035,302.8186
3036,302.8186
3037,302.8186
3038,302.8186
3039,302.8206
3040,302.8216
3041,302.8206
3042,302.8066
3043,302.8066
3044,302.8056
3045,302.8046
3046,302.8046
3047,302.8036
3048,302.8036
3049,302.8036
3050,302.8006
3051,302.8006
3052,302.8036
3053,302.8106
3054,302.8106
3055,302.8066
3056,302.8036
3057,302.8036
3058,302.7986
3059,302.7986
3060,302.7966
3061,302.7925
3062,302.7925
3063,302.7986
3064,302.8056
3065,302.8056
3066,302.8046
3067,302.8046
3068,302.8046
3069,302.8066
3070,302.8066
3071,302.7986
3072,302.7905
3073,302.7905
3074,302.7925
3075,302.7925
3076,302.7925
3077,302.7925
3078,302.7925
3079,302.7895
3080,302.7835
3081,302.7835
3082,302.7845
3083,302.7855
3084,302.7855
3085,302.7905
3086,302.7905
3087,302.7875
3088,302.7815
3089,302.7815
3090,302.7825
3091,302.7835
3092,302.7835
3093,302.7785
3094,302.7785
3095,302.7775
3096,302.7755
3097,302.7755
3098,302.7775
3099,302.7785
3100,302.7785
3101,302.7765
3102,302.7755
3103,302.7765
3104,302.7805
3105,302.7805
3106,302.7765
3107,302.7715
3108,302.7715
3109,302.7765
3110,302.7775
3111,302.7775
3112,302.7745
3113,302.7745
3114,302.7695
3115,302.7625
3116,302.7625
3117,302.7665
3118,302.7675
3119,302.7675
3120,302.7665
3121,302.7665
3122,302.7645
3123,302.7595
3124,302.7595
3125,302.7515
3126,302.7485
3127,302.7485
3128,302.7615
3129,302.7625
3130,302.7595
3131,302.7535
3132,302.7535
3133,302.7545
3134,302.7555
3135,302.7555
3136,302.7515
3137,302.7515
3138,302.7525
3139,302.7585
3140,302.7585
3141,302.7585
3142,302.7575
3143,302.7575
3144,302.7545
3145,302.7535
3146,302.7525
3147,302.7465
3148,302.7465
3149,302.7465
3150,302.7475
3151,302.7475
3152,302.7395
3153,302.7365
3154,302.7365
3155,302.7425
3156,302.7425
3157,302.7415
3158,302.7405
3159,302.7405
3160,302.7425
3161,302.7435
3162,302.7435
3163,302.7355
3164,302.7355
3165,302.7355
3166,302.7355
3167,302.7355
3168,302.7314
3169,302.7284
3170,302.7284
3171,302.7425
3172,302.7435
3173,302.7395
3174,302.7294
3175,302.7294
3176,302.7254
3177,302.7224
3178,302.7224
3179,302.7224
3180,302.7224
3181,302.7234
3182,302.7284
3183,302.7284
3184,302.7244
3185,302.7194
3186,302.7194
3187,302.7174
3188,302.7174
3189,302.7174
3190,302.7204
3191,302.7204
3192,302.7154
3193,302.7084
3194,302.7084
3195,302.7144
3196,302.7174
3197,302.7174
3198,302.7094
3199,302.7094
3200,302.7094
3201,302.7094
3202,302.7094
3203,302.7044
3204,302.7024
3205,302.7024
3206,302.7114
3207,302.7114
3208,302.7084
3209,302.7024
3210,302.7024
3211,302.7054
3212,302.7074
3213,302.7074
3214,302.7044
3215,302.7044
3216,302.7034
3217,302.6964
3218,302.6964
3219,302.6964
3220,302.6964
3221,302.6964
3222,302.6954
3223,302.6954
3224,302.6944
3225,302.6924
3226,302.6924
3227,302.6974
3228,302.7034
3229,302.7034
3230,302.6954
3231,302.6924
3232,302.6924
3233,302.6914
3234,302.6914
3235,302.6874
3236,302.6804
3237,302.6804
3238,302.6864
3239,302.6894
3240,302.6894
3241,302.6804
3242,302.6804
3243,302.6824
3244,302.6884
3245,302.6884
3246,302.6814
3247,302.6763
3248,302.6763
3249,302.6804
3250,302.6804
3251,302.6794
3252,302.6774
3253,302.6774
3254,302.6774
3255,302.6774
3256,302.6774
3257,302.6743
3258,302.6743
3259,302.6733
3260,302.6693
3261,302.6693
3262,302.6703
3263,302.6723
3264,302.6723
3265,302.6613
3266,302.6593
3267,302.6603
3268,302.6683
3269,302.6683
3270,302.6683
3271,302.6693
3272,302.6693
3273,302.6613
3274,302.6583
3275,302.6583
3276,302.6563
3277,302.6563
3278,302.6563
3279,302.6553
3280,302.6553
3281,302.6543
3282,302.6543
3283,302.6543
3284,302.6523
3285,302.6523
3286,302.6503
3287,302.6443
3288,302.6443
3289,302.6493
3290,302.6523
3291,302.6523
3292,302.6453
3293,302.6443
3294,302.6453
3295,302.6473
3296,302.6473
3297,302.6443
3298,302.6413
3299,302.6413
3300,302.6403
3301,302.6403
3302,302.6403
3303,302.6383
3304,302.6383
3305,302.6343
3306,302.6293
3307,302.6293
3308,302.6373
3309,302.6403
3310,302.6403
3311,302.6463
3312,302.6463
3313,302.6423
3314,302.6343
3315,302.6343
3316,302.6273
3317,302.6243
3318,302.6243
3319,302.6283
3320,302.6283
3321,302.6273
3322,302.6233
3323,302.6233
3324,302.6203
3325,302.6182
3326,302.6182
3327,302.6193
3328,302.6193
3329,302.6193
3330,302.6182
3331,302.6182
3332,302.6203
3333,302.6213
3334,302.6213
3335,302.6162
3336,302.6152
3337,302.6152
3338,302.6152
3339,302.6152
3340,302.6142
3341,302.6142
3342,302.6142
3343,302.6162
3344,302.6162
3345,302.6162
3346,302.6152
3347,302.6152
3348,302.6142
3349,302.6132
3350,302.6132
3351,302.6142
3352,302.6152
3353,302.6152
3354,302.6233
3355,302.6233
3356,302.6182
3357,302.6082
3358,302.6082
3359,302.6092
3360,302.6102
3361,302.6102
3362,302.6162
3363,302.6162
3364,302.6132
3365,302.6052
3366,302.6052
3367,302.6112
3368,302.6152
3369,302.6152
3370,302.6092
3371,302.6082
3372,302.6062
3373,302.5952
3374,302.5952
3375,302.6002
3376,302.6062
3377,302.6062
3378,302.6072
3379,302.6072
3380,302.6072
3381,302.6072
3382,302.6072
3383,302.6082
3384,302.6092
3385,302.6092
3386,302.6122
3387,302.6132
3388,302.6132
3389,302.6152
3390,302.6152
3391,302.6142
3392,302.6122
3393,302.6122
3394,302.6162
3395,302.6182
3396,302.6182
3397,302.6313
3398,302.6313
3399,302.6303
3400,302.6263
3401,302.6263
3402,302.6293
3403,302.6323
3404,302.6323
3405,302.6313
3406,302.6313
3407,302.6323
3408,302.6383
3409,302.6383
3410,302.6363
3411,302.6353
3412,302.6353
3413,302.6373
3414,302.6383
3415,302.6383
3416,302.6373
3417,302.6373
3418,302.6383
3419,302.6403
3420,302.6403
3421,302.6443
3422,302.6463
3423,302.6463
3424,302.6453
3425,302.6453
3426,302.6423
3427,302.6363
3428,302.6363
3429,302.6393
3430,302.6403
3431,302.6403
3432,302.6403
3433,302.6403
3434,302.6443
3435,302.6523
3436,302.6523
3437,302.6483
3438,302.6463
3439,302.6463
3440,302.6453
3441,302.6453
3442,302.6493
3443,302.6623
3444,302.6623
3445,302.6553
3446,302.6493
3447,302.6493
3448,302.6463
3449,302.6463
3450,302.6483
3451,302.6553
3452,302.6553
3453,302.6593
3454,302.6643
3455,302.6643
3456,302.6543
3457,302.6523
3458,302.6543
3459,302.6653
3460,302.6653
3461,302.6673
3462,302.6703
3463,302.6703
3464,302.6603
3465,302.6573
3466,302.6573
3467,302.6693
3468,302.6693
3469,302.6693
3470,302.6703
3471,302.6703
3472,302.6713
3473,302.6723
3474,302.6723
3475,302.6643
3476,302.6643
3477,302.6663
3478,302.6723
3479,302.6723
3480,302.6743
3481,302.6753
3482,302.6753
3483,302.6683
3484,302.6673
3485,302.6683
3486,302.6743
3487,302.6743
3488,302.6703
3489,302.6663
3490,302.6663
3491,302.6663
3492,302.6663
3493,302.6673
3494,302.6713
3495,302.6713
3496,302.6723
3497,302.6733
3498,302.6733
3499,302.6794
3500,302.6814
3501,302.6814
3502,302.6633
3503,302.6633
3504,302.6693
3505,302.6794
3506,302.6794
3507,302.6763
3508,302.6743
3509,302.6743
3510,302.6753
3511,302.6753
3512,302.6774
3513,302.6804
3514,302.6804
3515,302.6804
3516,302.6804
3517,302.6804
3518,302.6844
3519,302.6844
3520,302.6874
3521,302.6964
3522,302.6964
3523,302.6884
3524,302.6824
3525,302.6824
3526,302.6864
3527,302.6874
3528,302.6864
3529,302.6834
3530,302.6834
3531,302.6854
3532,302.6884
3533,302.6884
3534,302.6864
3535,302.6864
3536,302.6854
3537,302.6753
3538,302.6753
3539,302.6824
3540,302.6904
3541,302.6904
3542,302.6894
3543,302.6884
3544,302.6884
3545,302.6894
3546,302.6894
3547,302.6894
3548,302.6884
3549,302.6884
3550,302.6854
3551,302.6834
3552,302.6834
3553,302.6824
3554,302.6824
3555,302.6854
3556,302.6924
3557,302.6924
3558,302.6914
3559,302.6904
3560,302.6904
3561,302.6894
3562,302.6894
3563,302.6874
3564,302.6794
3565,302.6794
3566,302.6864
3567,302.6934
3568,302.6934
3569,302.6824
3570,302.6804
3571,302.6804
3572,302.6824
3573,302.6824
3574,302.6844
3575,302.6864
3576,302.6864
3577,302.6904
3578,302.6924
3579,302.6914
3580,302.6824
3581,302.6824
3582,302.6814
3583,302.6804
3584,302.6804
3585,302.6854
3586,302.6874
3587,302.6874
3588,302.6804
3589,302.6804
3590,302.6814
3591,302.6824
3592,302.6824
3593,302.6824
3594,302.6824
3595,302.6824
3596,302.6824
3597,302.6824
3598,302.6834
3599,302.6884
3600,302.6884
3601,302.6894
3602,302.6894
3603,302.6894
3604,302.6794
3605,302.6774
3606,302.6774
3607,302.6774
3608,302.6774
3609,302.6774
3610,302.6763
3611,302.6763
3612,302.6874
3613,302.6904
3614,302.6904
3615,302.6864
3616,302.6864
3617,302.6784
3618,302.6683
3619,302.6683
3620,302.6784
3621,302.6814
3622,302.6814
3623,302.6784
3624,302.6784
3625,302.6814
3626,302.6864
3627,302.6864
3628,302.6804
3629,302.6774
3630,302.6774
3631,302.6814
3632,302.6814
3633,302.6784
3634,302.6673
3635,302.6673
3636,302.6723
3637,302.6753
3638,302.6753
3639,302.6763
3640,302.6763
3641,302.6743
3642,302.6623
3643,302.6623
3644,302.6643
3645,302.6673
3646,302.6673
3647,302.6643
3648,302.6633
3649,302.6633
3650,302.6663
3651,302.6663
3652,302.6663
3653,302.6673
3654,302.6673
3655,302.6603
3656,302.6583
3657,302.6583
3658,302.6663
3659,302.6663
3660,302.6643
3661,302.6613
3662,302.6613
3663,302.6583
3664,302.6573
3665,302.6573
3666,302.6543
3667,302.6543
3668,302.6533
3669,302.6503
3670,302.6503
3671,302.6533
3672,302.6543
3673,302.6543
3674,302.6583
3675,302.6593
3676,302.6593
3677,302.6573
3678,302.6573
3679,302.6493
3680,302.6423
3681,302.6423
3682,302.6483
3683,302.6493
3684,302.6483
3685,302.6463
3686,302.6463
3687,302.6483
3688,302.6513
3689,302.6513
3690,302.6463
3691,302.6453
3692,302.6453
3693,302.6483
3694,302.6483
3695,302.6463
3696,302.6433
3697,302.6433
3698,302.6503
3699,302.6533
3700,302.6533
3701,302.6563
3702,302.6563
3703,302.6543
3704,302.6513
3705,302.6513
3706,302.6443
3707,302.6403
3708,302.6403
3709,302.6393
3710,302.6393
3711,302.6403
3712,302.6433
3713,302.6433
3714,302.6463
3715,302.6483
3716,302.6483
3717,302.6413
3718,302.6403
3719,302.6413
3720,302.6453
3721,302.6453
3722,302.6393
3723,302.6333
3724,302.6333
3725,302.6373
3726,302.6383
3727,302.6383
3728,302.6333
3729,302.6333
3730,302.6353
3731,302.6373
3732,302.6373
3733,302.6323
3734,302.6303
3735,302.6303
3736,302.6423
3737,302.6423
3738,302.6353
3739,302.6243
3740,302.6243
3741,302.6303
3742,302.6333
3743,302.6333
3744,302.6253
3745,302.6253
3746,302.6243
3747,302.6233
3748,302.6233
3749,302.6273
3750,302.6303
3751,302.6303
3752,302.6203
3753,302.6182
3754,302.6172
3755,302.6142
3756,302.6142
3757,302.6172
3758,302.6213
3759,302.6213
3760,302.6213
3761,302.6213
3762,302.6193
3763,302.6082
3764,302.6082
3765,302.6122
3766,302.6172
3767,302.6172
3768,302.6223
3769,302.6243
3770,302.6243
3771,302.6162
3772,302.6162
3773,302.6142
3774,302.6102
3775,302.6102
3776,302.6112
3777,302.6122
3778,302.6122
3779,302.6092
3780,302.6092
3781,302.6102
3782,302.6112
3783,302.6112
3784,302.6072
3785,302.6052
3786,302.6052
3787,302.6082
3788,302.6082
3789,302.6082
3790,302.6092
3791,302.6092
3792,302.6032
3793,302.5992
3794,302.5992
3795,302.6022
3796,302.6022
3797,302.6032
3798,302.6082
3799,302.6082
3800,302.6082
3801,302.6092
3802,302.6092
3803,302.6072
3804,302.6072
3805,302.6062
3806,302.6002
3807,302.6002
3808,302.6032
3809,302.6062
3810,302.6062
3811,302.6022
3812,302.6002
3813,302.6002
3814,302.6002
3815,302.6002
3816,302.6022
3817,302.6052
3818,302.6052
3819,302.5962
3820,302.5902
3821,302.5902
3822,302.5932
3823,302.5932
3824,302.5932
3825,302.5932
3826,302.5932
3827,302.5922
3828,302.5922
3829,302.5922
3830,302.5912
3831,302.5912
3832,302.5922
3833,302.5972
3834,302.5972
3835,302.5912
3836,302.5872
3837,302.5872
3838,302.5832
3839,302.5832
3840,302.5832
3841,302.5852
3842,302.5852
3843,302.5862
3844,302.5872
3845,302.5872
3846,302.5842
3847,302.5832
3848,302.5832
3849,302.5792
3850,302.5792
3851,302.5802
3852,302.5832
3853,302.5832
3854,302.5782
3855,302.5762
3856,302.5762
3857,302.5792
3858,302.5792
3859,302.5802
3860,302.5812
3861,302.5812
3862,302.5752
3863,302.5712
3864,302.5712
3865,302.5802
3866,302.5812
3867,302.5822
3868,302.5842
3869,302.5842
3870,302.5822
3871,302.5812
3872,302.5812
3873,302.5732
3874,302.5722
3875,302.5722
3876,302.5732
3877,302.5732
3878,302.5692
3879,302.5662
3880,302.5662
3881,302.5652
3882,302.5652
3883,302.5652
3884,302.5662
3885,302.5662
3886,302.5642
3887,302.5612
3888,302.5612
3889,302.5662
3890,302.5682
3891,302.5682
3892,302.5612
3893,302.5612
3894,302.5632
3895,302.5682
3896,302.5682
3897,302.5612
3898,302.5571
3899,302.5571
3900,302.5642
3901,302.5642
3902,302.5642
3903,302.5652
3904,302.5652
3905,302.5612
3906,302.5571
3907,302.5571
3908,302.5632
3909,302.5642
3910,302.5642
3911,302.5642
3912,302.5642
3913,302.5581
3914,302.5531
3915,302.5531
3916,302.5491
3917,302.5481
3918,302.5491
3919,302.5591
3920,302.5591
3921,302.5612
3922,302.5652
3923,302.5652
3924,302.5622
3925,302.5612
3926,302.5602
3927,302.5491
3928,302.5491
3929,302.5541
3930,302.5642
3931,302.5642
3932,302.5622
3933,302.5612
3934,302.5612
3935,302.5531
3936,302.5531
3937,302.5541
3938,302.5551
3939,302.5551
3940,302.5612
3941,302.5662
3942,302.5662
3943,302.5571
3944,302.5561
3945,302.5561
3946,302.5561
3947,302.5561
3948,302.5602
3949,302.5642
3950,302.5642
3951,302.5662
3952,302.5662
3953,302.5652
3954,302.5581
3955,302.5581
3956,302.5571
3957,302.5561
3958,302.5561
3959,302.5561
3960,302.5561
3961,302.5561
3962,302.5612
3963,302.5612
3964,302.5591
3965,302.5571
3966,302.5571
3967,302.5561
3968,302.5561
3969,302.5561
3970,302.5451
3971,302.5451
3972,302.5491
3973,302.5591
3974,302.5591
3975,302.5531
3976,302.5491
3977,302.5491
3978,302.5471
3979,302.5471
3980,302.5481
3981,302.5531
3982,302.5531
3983,302.5541
3984,302.5541
3985,302.5541
3986,302.5541
3987,302.5541
3988,302.5531
3989,302.5481
3990,302.5481
3991,302.5481
3992,302.5481
3993,302.5481
3994,302.5511
3995,302.5521
3996,302.5521
3997,302.5531
3998,302.5531
3999,302.5531
4000,302.5521
4001,302.5521
4002,302.5521
4003,302.5521
4004,302.5521
4005,302.5461
4006,302.5461
4007,302.5511
4008,302.5602
4009,302.5602
4010,302.5491
4011,302.5431
4012,302.5431
4013,302.5481
4014,302.5481
4015,302.5501
4016,302.5541
4017,302.5541
4018,302.5491
4019,302.5451
4020,302.5451
4021,302.5381
4022,302.5381
4023,302.5391
4024,302.5441
4025,302.5441
4026,302.5421
4027,302.5401
4028,302.5401
4029,302.5411
4030,302.5411
4031,302.5421
4032,302.5491
4033,302.5491
4034,302.5411
4035,302.5311
4036,302.5311
4037,302.5391
4038,302.5421
4039,302.5421
4040,302.5381
4041,302.5381
4042,302.5371
4043,302.5341
4044,302.5341
4045,302.5391
4046,302.5421
4047,302.5421
4048,302.5371
4049,302.5371
4050,302.5371
4051,302.5371
4052,302.5371
4053,302.5361
4054,302.5361
4055,302.5361
4056,302.5291
4057,302.5291
4058,302.5301
4059,302.5341
4060,302.5341
4061,302.5271
4062,302.5221
4063,302.5221
4064,302.5311
4065,302.5321
4066,302.5331
4067,302.5361
4068,302.5361
4069,302.5331
4070,302.5291
4071,302.5291
4072,302.5281
4073,302.5281
4074,302.5281
4075,302.5311
4076,302.5311
4077,302.5271
4078,302.5231
4079,302.5231
4080,302.5301
4081,302.5321
4082,302.5311
4083,302.5231
4084,302.5231
4085,302.5251
4086,302.5301
4087,302.5301
4088,302.5311
4089,302.5311
4090,302.5311
4091,302.5301
4092,302.5301
4093,302.5301
4094,302.5301
4095,302.5301
4096,302.5281
4097,302.5271
4098,302.5271
4099,302.5241
4100,302.5241
4101,302.5251
4102,302.5291
4103,302.5291
4104,302.5261
4105,302.5241
4106,302.5241
4107,302.5271
4108,302.5281
4109,302.5281
4110,302.5311
4111,302.5311
4112,302.5271
4113,302.5211
4114,302.5211
4115,302.5201
4116,302.5201
4117,302.5201
4118,302.5131
4119,302.5131
4120,302.5131
4121,302.5121
4122,302.5121
4123,302.5221
4124,302.5271
4125,302.5271
4126,302.5201
4127,302.5201
4128,302.5191
4129,302.5151
4130,302.5151
4131,302.5121
4132,302.5101
4133,302.5101
4134,302.5181
4135,302.5181
4136,302.5161
4137,302.5111
4138,302.5111
4139,302.5111
4140,302.5111
4141,302.5111
4142,302.5081
4143,302.5081
4144,302.5091
4145,302.5121
4146,302.5121
4147,302.5091
4148,302.5061
4149,302.5061
4150,302.5071
4151,302.5071
4152,302.5071
4153,302.5141
4154,302.5141
4155,302.5141
4156,302.5141
4157,302.5141
4158,302.5161
4159,302.5161
4160,302.5161
4161,302.5181
4162,302.5181
4163,302.5161
4164,302.5121
4165,302.5121
4166,302.5071
4167,302.5041
4168,302.5041
4169,302.5051
4170,302.5051
4171,302.5061
4172,302.5091
4173,302.5091
4174,302.5121
4175,302.5141
4176,302.5141
4177,302.5091
4178,302.5081
4179,302.5081
4180,302.5071
4181,302.5071
4182,302.5101
4183,302.5121
4184,302.5121
4185,302.5071
4186,302.5051
4187,302.5051
4188,302.5041
4189,302.5041
4190,302.5041
4191,302.5041
4192,302.5041
4193,302.5051
4194,302.5061
4195,302.5061
4196,302.5081
4197,302.5081
4198,302.5021
4199,302.493
4200,302.493
4201,302.494
4202,302.494
4203,302.494
4204,302.501
4205,302.501
4206,302.5021
4207,302.5051
4208,302.5051
4209,302.499
4210,302.494
4211,302.494
4212,302.49
4213,302.489
4214,302.492
4215,302.501
4216,302.501
4217,302.499
4218,302.497
4219,302.497
4220,302.498
4221,302.498
4222,302.498
4223,302.497
4224,302.497
4225,302.494
4226,302.491
4227,302.491
4228,302.489
4229,302.489
4230,302.489
4231,302.493
4232,302.493
4233,302.495
4234,302.497
4235,302.497
4236,302.495
4237,302.495
4238,302.495
4239,302.501
4240,302.501
4241,302.5
4242,302.498
4243,302.498
4244,302.486
4245,302.48
4246,302.48
4247,302.489
4248,302.49
4249,302.487
4250,302.481
4251,302.481
4252,302.481
4253,302.481
4254,302.481
4255,302.486
4256,302.487
4257,302.484
4258,302.476
4259,302.476
4260,302.482
4261,302.487
4262,302.487
4263,302.481
4264,302.48
4265,302.48
4266,302.482
4267,302.482
4268,302.482
4269,302.483
4270,302.483
4271,302.479
4272,302.478
4273,302.477
4274,302.467
4275,302.467
4276,302.469
4277,302.472
4278,302.472
4279,302.477
4280,302.48
4281,302.48
4282,302.483
4283,302.483
4284,302.482
4285,302.48
4286,302.48
4287,302.483
4288,302.485
4289,302.485
4290,302.477
4291,302.476
4292,302.475
4293,302.471
4294,302.471
4295,302.472
4296,302.473
4297,302.473
4298,302.479
4299,302.48
4300,302.479
4301,302.474
4302,302.474
4303,302.474
4304,302.474
4305,302.474
4306,302.473
4307,302.473
4308,302.473
4309,302.471
4310,302.471
4311,302.471
4312,302.47
4313,302.47
4314,302.469
4315,302.468
4316,302.468
4317,302.472
4318,302.472
4319,302.468
4320,302.459
4321,302.459
4322,302.463
4323,302.465
4324,302.465
4325,302.471
4326,302.471
4327,302.468
4328,302.459
4329,302.459
4330,302.465
4331,302.47
4332,302.47
4333,302.47
4334,302.47
4335,302.471
4336,302.478
4337,302.478
4338,302.47
4339,302.462
4340,302.462
4341,302.461
4342,302.461
4343,302.461
4344,302.466
4345,302.466
4346,302.462
4347,302.456
4348,302.456
4349,302.463
4350,302.466
4351,302.466
4352,302.461
4353,302.461
4354,302.467
4355,302.476
4356,302.476
4357,302.47
4358,302.466
4359,302.466
4360,302.464
4361,302.464
4362,302.464
4363,302.465
4364,302.465
4365,302.461
4366,302.458
4367,302.458
4368,302.453
4369,302.453
4370,302.456
4371,302.465
4372,302.465
4373,302.47
4374,302.475
4375,302.475
4376,302.468
4377,302.466
4378,302.465
4379,302.461
4380,302.461
4381,302.461
4382,302.462
4383,302.462
4384,302.46
4385,302.46
4386,302.46
4387,302.463
4388,302.463
4389,302.464
4390,302.465
4391,302.465
4392,302.466
4393,302.466
4394,302.466
4395,302.469
4396,302.469
4397,302.467
4398,302.462
4399,302.462
4400,302.456
4401,302.452
4402,302.452
4403,302.461
4404,302.462
4405,302.461
4406,302.458
4407,302.458
4408,302.457
4409,302.457
4410,302.457
4411,302.454
4412,302.454
4413,302.456
4414,302.464
4415,302.464
4416,302.455
4417,302.446
4418,302.446
4419,302.453
4420,302.455
4421,302.454
4422,302.448
4423,302.448
4424,302.448
4425,302.449
4426,302.449
4427,302.457
4428,302.46
4429,302.46
4430,302.459
4431,302.459
4432,302.457
4433,302.454
4434,302.454
4435,302.457
4436,302.458
4437,302.458
4438,302.447
4439,302.446
4440,302.449
4441,302.456
4442,302.456
4443,302.451
4444,302.447
4445,302.447
4446,302.448
4447,302.448
4448,302.449
4449,302.454
4450,302.454
4451,302.457
4452,302.459
4453,302.459
4454,302.445
4455,302.4429
4456,302.444
4457,302.448
4458,302.448
4459,302.45
4460,302.452
4461,302.452
4462,302.452
4463,302.452
4464,302.452
4465,302.451
4466,302.451
4467,302.453
4468,302.455
4469,302.455
4470,302.449
4471,302.447
4472,302.447
4473,302.454
4474,302.454
4475,302.451
4476,302.445
4477,302.445
4478,302.4429
4479,302.4419
4480,302.4419
4481,302.4429
4482,302.4429
4483,302.4419
4484,302.4399
4485,302.4399
4486,302.4419
4487,302.4429
4488,302.4429
4489,302.444
4490,302.444
4491,302.444
4492,302.4429
4493,302.4429
4494,302.4399
4495,302.4359
4496,302.4359
4497,302.444
4498,302.446
4499,302.447
4500,302.455
4501,302.455
4502,302.451
4503,302.447
4504,302.447
4505,302.452
4506,302.453
4507,302.453
4508,302.4419
4509,302.4419
4510,302.445
4511,302.451
4512,302.451
4513,302.445
4514,302.4409
4515,302.4409
4516,302.4399
4517,302.4399
4518,302.4389
4519,302.4369
4520,302.4369
4521,302.4339
4522,302.4319
4523,302.4319
4524,302.4409
4525,302.4419
4526,302.4409
4527,302.4379
4528,302.4379
4529,302.4379
4530,302.4379
4531,302.4379
4532,302.4359
4533,302.4349
4534,302.4359
4535,302.4409
4536,302.4409
4537,302.4389
4538,302.4369
4539,302.4369
4540,302.4329
4541,302.4319
4542,302.4319
4543,302.4379
4544,302.4379
4545,302.4389
4546,302.4409
4547,302.4409
4548,302.4389
4549,302.4379
4550,302.4379
4551,302.4289
4552,302.4289
4553,302.4309
4554,302.4359
4555,302.4359
4556,302.4389
4557,302.4399
4558,302.4399
4559,302.4319
4560,302.4309
4561,302.4319
4562,302.4359
4563,302.4359
4564,302.4299
4565,302.4249
4566,302.4249
4567,302.4279
4568,302.4289
4569,302.4299
4570,302.4369
4571,302.4369
4572,302.4399
4573,302.4419
4574,302.4419
4575,302.4399
4576,302.4389
4577,302.4379
4578,302.4299
4579,302.4299
4580,302.4289
4581,302.4279
4582,302.4279
4583,302.4269
4584,302.4269
4585,302.4269
4586,302.4279
4587,302.4279
4588,302.4279
4589,302.4289
4590,302.4289
4591,302.4289
4592,302.4289
4593,302.4289
4594,302.4269
4595,302.4269
4596,302.4269
4597,302.4289
4598,302.4289
4599,302.4289
4600,302.4289
4601,302.4289
4602,302.4269
4603,302.4269
4604,302.4279
4605,302.4349
4606,302.4349
4607,302.4269
4608,302.4189
4609,302.4189
4610,302.4229
4611,302.4239
4612,302.4249
4613,302.4299
4614,302.4299
4615,302.4259
4616,302.4209
4617,302.4209
4618,302.4229
4619,302.4239
4620,302.4239
4621,302.4219
4622,302.4219
4623,302.4249
4624,302.4299
4625,302.4299
4626,302.4339
4627,302.4359
4628,302.4359
4629,302.4139
4630,302.4139
4631,302.4179
4632,302.4269
4633,302.4269
4634,302.4209
4635,302.4149
4636,302.4149
4637,302.4229
4638,302.4239
4639,302.4219
4640,302.4169
4641,302.4169
4642,302.4199
4643,302.4229
4644,302.4229
4645,302.4209
4646,302.4209
4647,302.4209
4648,302.4219
4649,302.4219
4650,302.4229
4651,302.4239
4652,302.4239
4653,302.4149
4654,302.4129
4655,302.4139
4656,302.4229
4657,302.4229
4658,302.4219
4659,302.4189
4660,302.4189
4661,302.4169
4662,302.4159
4663,302.4159
4664,302.4179
4665,302.4179
4666,302.4179
4667,302.4179
4668,302.4179
4669,302.4199
4670,302.4209
4671,302.4209
4672,302.4199
4673,302.4199
4674,302.4189
4675,302.4159
4676,302.4159
4677,302.4139
4678,302.4129
4679,302.4129
4680,302.4209
4681,302.4219
4682,302.4219
4683,302.4219
4684,302.4219
4685,302.4209
4686,302.4199
4687,302.4199
4688,302.4169
4689,302.4159
4690,302.4169
4691,302.4259
4692,302.4259
4693,302.4259
4694,302.4259
4695,302.4259
4696,302.4199
4697,302.4179
4698,302.4189
4699,302.4279
4700,302.4279
4701,302.4249
4702,302.4189
4703,302.4189
4704,302.4229
4705,302.4249
4706,302.4249
4707,302.4149
4708,302.4149
4709,302.4169
4710,302.4229
4711,302.4229
4712,302.4189
4713,302.4169
4714,302.4169
4715,302.4249
4716,302.4259
4717,302.4239
4718,302.4169
4719,302.4169
4720,302.4179
4721,302.4189
4722,302.4189
4723,302.4199
4724,302.4199
4725,302.4189
4726,302.4129
4727,302.4129
4728,302.4139
4729,302.4149
4730,302.4149
4731,302.4229
4732,302.4249
4733,302.4239
4734,302.4109
4735,302.4109
4736,302.4099
4737,302.4089
4738,302.4089
4739,302.4209
4740,302.4249
4741,302.4249
4742,302.4249
4743,302.4249
4744,302.4209
4745,302.4129
4746,302.4129
4747,302.4139
4748,302.4149
4749,302.4149
4750,302.4119
4751,302.4119
4752,302.4109
4753,302.4089
4754,302.4089
4755,302.4129
4756,302.4159
4757,302.4159
4758,302.4109
4759,302.4099
4760,302.4109
4761,302.4129
4762,302.4129
4763,302.4149
4764,302.4169
4765,302.4169
4766,302.4219
4767,302.4229
4768,302.4219
4769,302.4139
4770,302.4139
4771,302.4159
4772,302.4179
4773,302.4179
4774,302.4189
4775,302.4189
4776,302.4189
4777,302.4229
4778,302.4229
4779,302.4219
4780,302.4209
4781,302.4209
4782,302.4209
4783,302.4209
4784,302.4209
4785,302.4119
4786,302.4109
4787,302.4139
4788,302.4199
4789,302.4199
4790,302.4189
4791,302.4189
4792,302.4189
4793,302.4179
4794,302.4179
4795,302.4179
4796,302.4159
4797,302.4159
4798,302.4189
4799,302.4219
4800,302.4219
4801,302.4179
4802,302.4169
4803,302.4179
4804,302.4219
4805,302.4219
4806,302.4229
4807,302.4239
4808,302.4239
4809,302.4159
4810,302.4129
4811,302.4139
4812,302.4229
4813,302.4229
4814,302.4239
4815,302.4249
4816,302.4249
4817,302.4219
4818,302.4209
4819,302.4209
4820,302.4199
4821,302.4199
4822,302.4199
4823,302.4209
4824,302.4209
4825,302.4159
4826,302.4119
4827,302.4119
4828,302.4259
4829,302.4269
4830,302.4249
4831,302.4179
4832,302.4179
4833,302.4209
4834,302.4229
4835,302.4229
4836,302.4219
4837,302.4219
4838,302.4199
4839,302.4099
4840,302.4099
4841,302.4149
4842,302.4209
4843,302.4209
4844,302.4149
4845,302.4129
4846,302.4119
4847,302.4049
4848,302.4049
4849,302.4099
4850,302.4159
4851,302.4159
4852,302.4119
4853,302.4109
4854,302.4109
4855,302.4119
4856,302.4119
4857,302.4129
4858,302.4139
4859,302.4139
4860,302.4059
4861,302.4029
4862,302.4029
4863,302.4169
4864,302.4179
4865,302.4169
4866,302.4159
4867,302.4159
4868,302.4129
4869,302.4109
4870,302.4109
4871,302.4079
4872,302.4079
4873,302.4089
4874,302.4159
4875,302.4159
4876,302.4159
4877,302.4169
4878,302.4169
4879,302.4169
4880,302.4169
4881,302.4159
4882,302.4109
4883,302.4109
4884,302.4129
4885,302.4149
4886,302.4149
4887,302.4079
4888,302.4059
4889,302.4059
4890,302.4099
4891,302.4099
4892,302.4119
4893,302.4139
4894,302.4139
4895,302.4169
4896,302.4189
4897,302.4189
4898,302.4109
4899,302.4109
4900,302.4119
4901,302.4139
4902,302.4139
4903,302.4149
4904,302.4159
4905,302.4159
4906,302.4219
4907,302.4219
4908,302.4169
4909,302.4019
4910,302.4019
4911,302.4099
4912,302.4169
4913,302.4169
4914,302.4219
4915,302.4229
4916,302.4219
4917,302.4179
4918,302.4179
4919,302.4179
4920,302.4169
4921,302.4169
4922,302.4149
4923,302.4139
4924,302.4149
4925,302.4219
4926,302.4219
4927,302.4169
4928,302.4089
4929,302.4089
4930,302.4129
4931,302.4149
4932,302.4149
4933,302.4159
4934,302.4159
4935,302.4149
4936,302.4119
4937,302.4119
4938,302.4149
4939,302.4169
4940,302.4169
4941,302.4179
4942,302.4179
4943,302.4149
4944,302.4039
4945,302.4039
4946,302.4049
4947,302.4049
4948,302.4049
4949,302.4119
4950,302.4129
4951,302.4129
4952,302.4139
4953,302.4139
4954,302.4079
4955,302.4029
4956,302.4029
4957,302.4069
4958,302.4079
4959,302.4079
4960,302.4099
4961,302.4099
4962,302.4049
4963,302.3999
4964,302.3999
4965,302.4039
4966,302.4049
4967,302.4049
4968,302.4089
4969,302.4089
4970,302.4119
4971,302.4169
4972,302.4169
4973,302.4129
4974,302.4109
4975,302.4109
4976,302.4129
4977,302.4129
4978,302.4139
4979,302.4159
4980,302.4159
4981,302.4059
4982,302.3989
4983,302.3989
4984,302.4089
4985,302.4099
4986,302.4089
4987,302.4069
4988,302.4069
4989,302.4089
4990,302.4109
4991,302.4109
4992,302.4069
4993,302.4059
4994,302.4069
4995,302.4089
4996,302.4089
4997,302.4089
4998,302.4089
4999,302.4089
5000,302.4079
5001,302.4079
5002,302.4079
5003,302.3999
5004,302.3999
5005,302.4039
5006,302.4099
5007,302.4099
5008,302.4109
5009,302.4119
5010,302.4119
5011,302.4129
5012,302.4129
5013,302.4089
5014,302.3999
5015,302.3999
5016,302.4019
5017,302.4029
5018,302.4029
5019,302.4039
5020,302.4039
5021,302.4019
5022,302.3949
5023,302.3949
5024,302.3949
5025,302.3949
5026,302.3949
5027,302.4019
5028,302.4029
5029,302.4029
5030,302.4019
5031,302.4019
5032,302.3979
5033,302.3929
5034,302.3929
5035,302.3999
5036,302.4009
5037,302.4009
5038,302.3969
5039,302.3969
5040,302.3979
5041,302.3989
5042,302.3989
5043,302.3939
5044,302.3919
5045,302.3929
5046,302.4059
5047,302.4059
5048,302.4039
5049,302.4009
5050,302.4009
5051,302.4009
5052,302.4009
5053,302.4009
5054,302.4029
5055,302.4029
5056,302.4019
5057,302.3989
5058,302.3989
5059,302.4009
5060,302.4019
5061,302.4019
5062,302.4079
5063,302.4079
5064,302.4059
5065,302.3969
5066,302.3969
5067,302.3999
5068,302.4019
5069,302.4019
5070,302.3979
5071,302.3969
5072,302.3959
5073,302.3879
5074,302.3879
5075,302.3909
5076,302.3939
5077,302.3939
5078,302.3879
5079,302.3869
5080,302.3879
5081,302.3989
5082,302.3989
5083,302.3969
5084,302.3929
5085,302.3929
5086,302.3969
5087,302.3979
5088,302.3979
5089,302.3929
5090,302.3929
5091,302.3959
5092,302.4009
5093,302.4009
5094,302.4039
5095,302.4049
5096,302.4049
5097,302.3979
5098,302.3979
5099,302.3989
5100,302.4019
5101,302.4019
5102,302.4049
5103,302.4079
5104,302.4079
5105,302.4039
5106,302.4039
5107,302.4039
5108,302.4019
5109,302.4019
5110,302.3989
5111,302.3969
5112,302.3969
5113,302.3929
5114,302.3919
5115,302.3919
5116,302.3949
5117,302.3949
5118,302.3909
5119,302.3859
5120,302.3859
5121,302.3929
5122,302.3959
5123,302.3959
5124,302.3919
5125,302.3919
5126,302.3939
5127,302.3969
5128,302.3969
5129,302.3899
5130,302.3859
5131,302.3859
5132,302.3889
5133,302.3889
5134,302.3899
5135,302.3929
5136,302.3929
5137,302.3919
5138,302.3919
5139,302.3919
5140,302.3929
5141,302.3929
5142,302.3929
5143,302.3919
5144,302.3919
5145,302.3909
5146,302.3899
5147,302.3899
5148,302.3899
5149,302.3899
5150,302.3899
5151,302.3869
5152,302.3869
5153,302.3848
5154,302.3838
5155,302.3838
5156,302.3989
5157,302.4029
5158,302.4019
5159,302.3919
5160,302.3919
5161,302.3889
5162,302.3848
5163,302.3848
5164,302.3869
5165,302.3879
5166,302.3879
5167,302.3818
5168,302.3818
5169,302.3818
5170,302.3818
5171,302.3818
5172,302.3848
5173,302.3869
5174,302.3869
5175,302.3879
5176,302.3879
5177,302.3879
5178,302.3859
5179,302.3859
5180,302.3808
5181,302.3778
5182,302.3778
5183,302.3838
5184,302.3848
5185,302.3838
5186,302.3798
5187,302.3798
5188,302.3838
5189,302.3869
5190,302.3869
5191,302.3838
5192,302.3828
5193,302.3828
5194,302.3828
5195,302.3828
5196,302.3808
5197,302.3778
5198,302.3778
5199,302.3828
5200,302.3838
5201,302.3838
5202,302.3828
5203,302.3828
5204,302.3828
5205,302.3818
5206,302.3818
5207,302.3838
5208,302.3848
5209,302.3848
5210,302.3848
5211,302.3848
5212,302.3848
5213,302.3848
5214,302.3848
5215,302.3828
5216,302.3808
5217,302.3808
5218,302.3738
